freq_low_mhz,freq_high_mhz,country_code,region,service,status,application,typical_devices,modulation,power_limit,channel_spacing_khz,regulatory_ref,notes,verified,verification_status
280.0,290.0,US,ITU Region 2 / USA,MILITARY FIXED / MOBILE,Allocated,"NATO UHF MILSATCOM downlink (FLTSATCOM, UFO legacy); military LOS tactical communications; MUOS (Mobile User Objective System) UHF MILSATCOM downlinks","Harris AN/PRC-117G, L3Harris Falcon III AN/PRC-152A, Raytheon MUOS terminals","DAMA TDMA (FLTSATCOM), CDMA (AEHF), ECCM FM/SINCGARS",N/A (military — no civilian power limit applies),25,"NTIA Manual of Regulations & Procedures, 47 CFR 2.106 (Federal Government exclusive), US Government Table footnote G27","Federal Government exclusive band. No civilian access. Part of NATO UHF SATCOM allocation (225-400 MHz). FLTSATCOM fleet broadcast channels operate near 280-290 MHz. [FACTCHECK: AEHF operates at EHF (44 GHz UL / 20 GHz DL), not UHF. MUOS is the correct current UHF MILSATCOM system.]",True,
280.0,290.0,FR,ITU Region 1 / CEPT,FIXED / MOBILE (Government/Military),Allocated,"French military UHF communications (Armée de l'Air, Marine Nationale); NATO SATCOM downlinks; Syracuse III military satellite system downlinks","Thales PR4G (VHF/UHF tactical radio), Thales SYNAPS vehicular radio system, Syracuse III satellite terminals","ECCM wideband FM, HAVE QUICK frequency hopping",N/A (military),25,"ANFR TNRBF (Tableau National de Répartition des Bandes de Fréquences), ITU RR Article 5 footnote 5.254",Military exclusive. Part of the 225-400 MHz NATO UHF band. France also uses Syracuse III military SATCOM system in this range.,True,
280.0,290.0,UK,ITU Region 1 / CEPT,FIXED / MOBILE (Government/Military),Allocated,UK MoD UHF tactical communications; NATO SATCOM downlinks; Skynet 5 military satellite system,"Bowman radio system (General Dynamics), Harris RF-7800 series, Skynet 5 satellite terminals (Airbus Defence)","ECCM FM, HAVE QUICK II frequency hopping, SATCOM DAMA",N/A (military),25,"Ofcom UK Plan for Frequency Authorisation (UKPFA), UK Wireless Telegraphy Act 2006 (Crown use exemption)",MoD exclusive. Skynet 5 is operated by Airbus Defence & Space under PFI contract for UK military SATCOM.,True,
280.0,290.0,DE,ITU Region 1 / CEPT,FIXED / MOBILE (Government/Military),Allocated,Bundeswehr UHF tactical communications; NATO SATCOM downlinks; SATCOMBw (German military satellite communications),"Rohde & Schwarz MR3000 series UHF radios, Elbit Systems vehicular radios, SATCOMBw terminals","ECCM FM, HAVE QUICK frequency hopping",N/A (military),25,"BNetzA Frequenzplan (Frequenzbereichszuweisungsplanverordnung — FreqBZPV), NATO STANAG 4206",Military exclusive. Germany uses SATCOMBw Step 2 (hosted payloads on commercial satellites) for UHF MILSATCOM.,True,
280.0,290.0,CN,ITU Region 3,FIXED / MOBILE (Military),Allocated,PLA (People's Liberation Army) UHF tactical communications and military satellite downlinks,"Various PLA-standard UHF tactical radios (Chinese domestic manufacture, no public model numbers)","FM, digital military proprietary waveforms",N/A (military),25,"MIIT Radio Regulations of the People's Republic of China, ITU RR Region 3 Table",Military exclusive allocation. China operates its own military satellite system (Feng Huo series) with UHF payloads in this range.,False,
280.0,290.0,RU,ITU Region 1,FIXED / MOBILE (Military),Allocated,Russian military UHF communications; Meridian and Molniya series military satellite downlinks,"Various Russian military tactical radios (R-168 family), Meridian satellite terminals","FM, ECCM frequency hopping (Russian proprietary waveforms)",N/A (military),25,GRFC (General Radio Frequency Centre) Table of Frequency Allocations of the Russian Federation,"Military exclusive. Russia operates its own UHF MILSATCOM constellation (Meridian, Molniya). Not NATO-interoperable. [FACTCHECK: Molniya satellites are largely decommissioned. Meridian series is current replacement for Russian high-latitude MILSATCOM.]",False,
280.0,290.0,ES,ITU Region 1 / CEPT,FIXED / MOBILE (Government/Military),Allocated,Spanish military (Fuerzas Armadas) UHF communications; NATO SATCOM downlinks; SECOMSAT programme,"Thales PR4G (Spanish Army designation), Harris AN/PRC-152 (NATO interop), SECOMSAT terminals","ECCM FM, HAVE QUICK",N/A (military),25,"CNAF (Cuadro Nacional de Atribución de Frecuencias), SETSI/Min. Defensa coordination",Military exclusive. Spain participates in NATO UHF SATCOM pool.,True,
280.0,290.0,IT,ITU Region 1 / CEPT,FIXED / MOBILE (Government/Military),Allocated,Italian military (Difesa) UHF tactical communications; NATO SATCOM downlinks; SICRAL military satellite system,"Leonardo DRS tactical radios, SICRAL satellite terminals (Telespazio), Selex ES vehicular systems","ECCM FM, HAVE QUICK, DAMA SATCOM",N/A (military),25,"PNRF (Piano Nazionale di Ripartizione delle Frequenze), MIMIT / Ministero della Difesa",Military exclusive. Italy operates SICRAL 1/1B/2 military SATCOM satellites with UHF payloads covering 225-400 MHz.,True,
280.0,290.0,CH,ITU Region 1 / CEPT,FIXED / MOBILE (Government/Military),Allocated,Swiss Armed Forces (Schweizer Armee) UHF tactical communications; limited NATO Partnership for Peace SATCOM access,"Thales PR4G (Swiss Army variant), various COTS UHF radios","FM, ECCM frequency hopping",N/A (military),25,"OFCOM Switzerland (BAKOM) Frequenzzuweisungsplan, SR 784.102.1",Military exclusive. Switzerland is not a NATO member but participates in PfP and has limited access to NATO UHF SATCOM.,True,
290.0,300.0,US,ITU Region 2 / USA,MILITARY FIXED / MOBILE / METEOROLOGICAL-SATELLITE,Allocated,"NATO UHF MILSATCOM (MUOS, UFO fleet broadcast); military LOS; meteorological aids (radiosondes) meteorological satellite data (secondary); MUOS wideband UHF at 300-320 MHz","Harris AN/PRC-117G, L3Harris AN/PRC-163, Lockheed Martin MUOS terminals, MUOS terminals","DAMA TDMA, CDMA (AEHF/MUOS wideband code-division), ECCM SINCGARS",N/A (military),25,"NTIA Manual, 47 CFR 2.106 footnote G27, US251","Federal Government exclusive. MUOS (Mobile User Objective System) uses wideband CDMA waveform in 300-320 MHz uplink paired with 360-380 MHz downlink. [FACTCHECK: AEHF operates at EHF (44 GHz UL / 20 GHz DL), not UHF. MUOS is the correct current UHF MILSATCOM system.] [FACTCHECK: GOES downlinks operate at 1694.5 MHz, not 290-300 MHz. This band is for met aids/military.]",True,
290.0,300.0,FR,ITU Region 1 / CEPT,FIXED / MOBILE (Government/Military),Allocated,French military UHF tactical; NATO SATCOM; Météo-France radiosonde tracking (secondary),"Thales SYNAPS, Thales PR4G, Modem Systèmes SATCOM terminals","FM, HAVE QUICK, DAMA",N/A (military),25,"ANFR TNRBF, ITU RR 5.254",Military exclusive with secondary meteorological aids allocation.,True,
290.0,300.0,UK,ITU Region 1 / CEPT,FIXED / MOBILE (Government/Military),Allocated,UK MoD UHF tactical; NATO SATCOM; Met Office radiosonde tracking (secondary),"Bowman/Morpheus radio system, Harris RF-7800 series","FM, HAVE QUICK II",N/A (military),25,"Ofcom UKPFA, Crown use",MoD exclusive with secondary meteorological aids.,True,
290.0,300.0,DE,ITU Region 1 / CEPT,FIXED / MOBILE (Government/Military),Allocated,Bundeswehr UHF tactical; NATO SATCOM,"Rohde & Schwarz MR3000H, various NATO-standard radios","FM, HAVE QUICK",N/A (military),25,"BNetzA Frequenzplan, FreqBZPV",Military exclusive.,True,
290.0,300.0,CN,ITU Region 3,FIXED / MOBILE (Military),Allocated,PLA UHF communications; military satellite downlinks,PLA-standard UHF radios (domestic manufacture),"FM, proprietary military waveforms",N/A (military),25,MIIT Radio Regulations of PRC,Military exclusive.,False,
290.0,300.0,RU,ITU Region 1,FIXED / MOBILE (Military),Allocated,Russian military UHF; MILSATCOM downlinks (Meridian constellation),R-168 family tactical radios,"FM, Russian ECCM waveforms",N/A (military),25,GRFC Table of Frequency Allocations,Military exclusive.,False,
290.0,300.0,ES,ITU Region 1 / CEPT,FIXED / MOBILE (Government/Military),Allocated,Spanish military UHF; NATO SATCOM,Harris/Thales NATO-interoperable UHF radios,"FM, HAVE QUICK",N/A (military),25,"CNAF, Min. Defensa",Military exclusive.,True,
290.0,300.0,IT,ITU Region 1 / CEPT,FIXED / MOBILE (Government/Military),Allocated,Italian military UHF; SICRAL SATCOM; NATO SATCOM pool,"Leonardo DRS radios, SICRAL terminals","FM, HAVE QUICK, DAMA",N/A (military),25,"PNRF, MIMIT / Min. Difesa",Military exclusive. SICRAL satellites provide dedicated Italian UHF MILSATCOM.,True,
290.0,300.0,CH,ITU Region 1 / CEPT,FIXED / MOBILE (Government/Military),Allocated,Swiss Armed Forces UHF tactical,Thales PR4G (Swiss Army variant),"FM, ECCM",N/A (military),25,BAKOM Frequenzzuweisungsplan,Military exclusive.,True,
300.0,312.0,US,ITU Region 2 / USA,MILITARY FIXED / MOBILE / RADIOLOCATION,Allocated,NATO UHF MILSATCOM (MUOS uplink band 300-320 MHz); military LOS UHF; military radiolocation; aeronautical telemetry (IRIG-compatible),"L3Harris AN/PRC-163 (MUOS-capable), Lockheed Martin MUOS ground terminals, AN/TRC-170 troposcatter","Wideband CDMA (MUOS 5 MHz channels), narrowband DAMA TDMA 25 kHz, IRIG telemetry",N/A (military),25,"NTIA Manual, 47 CFR 2.106 footnote G27, US228","Federal exclusive. MUOS uses five 5 MHz wideband channels centered near 304, 308, 312, 316, 320 MHz for uplink. Secondary radiolocation also allocated.",True,
300.0,312.0,FR,ITU Region 1 / CEPT,FIXED / MOBILE (Government/Military) / RADIOLOCATION,Allocated,French military UHF tactical and SATCOM; meteorological radiolocation (wind profiler radars),"Thales SYNAPS, Degreane Horizon meteorological radars (secondary)","FM, HAVE QUICK, pulsed radar (radiolocation)",N/A (military primary); wind profilers per CEPT ERC/REC 70-03,25,"ANFR TNRBF, ITU RR 5.149 (radiolocation secondary)","Military primary with secondary radiolocation. Meteorological wind profiler radars operate near 300-310 MHz in some European countries. [FACTCHECK: European wind profilers operate at 482 MHz (DWD Lindenberg) or 1290 MHz, not 300 MHz. ITU footnote 5.291A applies (not 5.149 which is radio astronomy).]",True,
300.0,312.0,UK,ITU Region 1 / CEPT,FIXED / MOBILE (Government/Military),Allocated,UK MoD UHF tactical; NATO SATCOM; Met Office wind profiler radars (secondary radiolocation),"Bowman/Morpheus system, Met Office boundary-layer wind profilers","FM, HAVE QUICK II, pulsed Doppler (wind profiler)",N/A (military),25,"Ofcom UKPFA, Crown use exemption","MoD exclusive primary. Wind profilers operate on secondary basis. [FACTCHECK: European wind profilers operate at 482 MHz (DWD Lindenberg) or 1290 MHz, not 300 MHz. ITU footnote 5.291A applies (not 5.149 which is radio astronomy).]",True,
300.0,312.0,DE,ITU Region 1 / CEPT,FIXED / MOBILE (Government/Military),Allocated,Bundeswehr UHF; NATO SATCOM; DWD wind profiler radars (secondary),"R&S MR3000 series, DWD 482 MHz class wind profilers (some at 300 MHz)","FM, HAVE QUICK",N/A (military),25,BNetzA Frequenzplan,"Military exclusive primary. [FACTCHECK: European wind profilers operate at 482 MHz (DWD Lindenberg) or 1290 MHz, not 300 MHz. ITU footnote 5.291A applies (not 5.149 which is radio astronomy).]",True,
300.0,312.0,CN,ITU Region 3,FIXED / MOBILE (Military) / RADIOLOCATION,Allocated,PLA UHF military communications; military radiolocation,PLA-standard equipment (no public model numbers),"FM, proprietary",N/A (military),25,MIIT Radio Regulations of PRC,Military exclusive.,False,
300.0,312.0,RU,ITU Region 1,FIXED / MOBILE (Military) / RADIOLOCATION,Allocated,Russian military UHF; MILSATCOM; military radiolocation,"R-168 family, Russian military SATCOM terminals","FM, ECCM",N/A (military),25,GRFC Table,Military exclusive.,False,
300.0,312.0,ES,ITU Region 1 / CEPT,FIXED / MOBILE (Government/Military),Allocated,Spanish military UHF; NATO SATCOM,Harris/Thales NATO-standard UHF radios,"FM, HAVE QUICK",N/A (military),25,CNAF,Military exclusive.,True,
300.0,312.0,IT,ITU Region 1 / CEPT,FIXED / MOBILE (Government/Military),Allocated,Italian military UHF; SICRAL SATCOM; NATO SATCOM,"Leonardo radios, SICRAL terminals","FM, HAVE QUICK, DAMA",N/A (military),25,"PNRF, Min. Difesa",Military exclusive.,True,
300.0,312.0,CH,ITU Region 1 / CEPT,FIXED / MOBILE (Government/Military),Allocated,Swiss Armed Forces UHF,Thales PR4G,"FM, ECCM",N/A (military),25,BAKOM Frequenzzuweisungsplan,Military exclusive.,True,
312.0,315.0,US,ITU Region 2 / USA,MILITARY FIXED / MOBILE + Part 15 SRD (secondary),Shared,"Federal military UHF primary; FCC Part 15.231 low-power periodic devices secondary: TPMS (tire pressure monitoring), RKE (remote keyless entry), garage door openers","TPMS: Schrader/Sensata 315 MHz sensors (OEM on Toyota, Honda, GM, Ford); RKE: NXP/Microchip 315 MHz key fobs; Chamberlain/LiftMaster 315 MHz garage openers; Honeywell 5800 series 345 MHz security sensors","OOK, ASK, FSK (SRD devices); military FM/ECCM (primary)","SRD: FCC Part 15.231 — periodic operation, field strength limit 6,000 uV/m at 3m (for periodic transmitters at 315 MHz); no duty cycle limit but must cease within 5 seconds",,"FCC 47 CFR Part 15.231 (periodic devices), 47 CFR 2.106 G27 (federal primary)","315 MHz is the dominant TPMS/RKE frequency in the US, Japan, and South Korea. Common center frequencies: 314.35 MHz (Toyota/Lexus), 315.00 MHz (GM, Honda, Hyundai), 313.85 MHz (some Honda). Europe does NOT use 315 MHz for TPMS/RKE — European vehicles use 433.92 MHz instead.",True,
312.0,315.0,FR,ITU Region 1 / CEPT,FIXED / MOBILE (Government/Military),Allocated,Military UHF communications (primary). NOTE: 315 MHz is NOT used for TPMS/RKE in France — French/European vehicles use 433.92 MHz ISM band for car key fobs and TPMS.,Military radios only. No civilian 315 MHz SRD devices in France.,Military FM,No civilian SRD allocation at 315 MHz in France,25,ANFR TNRBF — 315 MHz has NO SRD allocation in Region 1 (Europe). Car keys/TPMS use 433.05-434.79 MHz per ERC/REC 70-03,CRITICAL CORRECTION: The original baseline data listing '315 MHz ISM' for European countries is INCORRECT. 315 MHz has no ISM or SRD designation in ITU Region 1. European vehicles universally use 433.92 MHz for RKE and TPMS. 315 MHz TPMS/RKE is a Region 2 (Americas) and some Region 3 (Asia) phenomenon only.,True,
312.0,315.0,UK,ITU Region 1 / CEPT,FIXED / MOBILE (Government/Military),Allocated,Military UHF (primary). 315 MHz is NOT used for TPMS/RKE in UK — UK vehicles use 433.92 MHz.,Military radios only. UK car key fobs operate at 433.92 MHz.,Military FM,No civilian SRD at 315 MHz,25,"Ofcom UKPFA, IR 2030 (SRD at 433 MHz, not 315 MHz)",315 MHz has no SRD allocation in UK. All automotive RKE/TPMS uses 433.92 MHz per Ofcom IR 2030 and ERC/REC 70-03.,True,
312.0,315.0,DE,ITU Region 1 / CEPT,FIXED / MOBILE (Government/Military),Allocated,Military UHF (primary). 315 MHz NOT used for automotive SRD in Germany — German vehicles use 433.92 MHz.,Military radios only. German car keys at 433.92 MHz.,Military FM,No civilian SRD at 315 MHz,25,"BNetzA Frequenzplan, BNetzA Vfg 76/2003 (SRD at 433 MHz only)",No SRD allocation at 315 MHz in Germany. Automotive RKE/TPMS exclusively at 433.92 MHz.,True,
312.0,315.0,CN,ITU Region 3,"FIXED / MOBILE (Military) + SRD (secondary, limited)",Shared,"Military primary. Some 315 MHz TPMS/RKE devices are used in China (imported vehicles from US/Japan), but 433.92 MHz is also common for domestic market. China allows both frequencies for TPMS.","TPMS sensors at 315 MHz on imported US/Japanese vehicles; 433.92 MHz for domestic brands (BYD, Geely, etc.); NXP/Microchip SRD ICs","OOK, ASK, FSK (SRD); military FM (primary)",SRRC Type Approval: 10 mW ERP max for 315 MHz SRD,,"MIIT/SRRC Micro-Power Short Range Device regulations (2005), MIIT Radio Regulations","China uses BOTH 315 MHz and 433.92 MHz for automotive TPMS/RKE, depending on vehicle origin. Japanese and US-origin models typically use 315 MHz.",True,
312.0,315.0,RU,ITU Region 1,FIXED / MOBILE (Military),Allocated,Military UHF. No 315 MHz SRD allocation in Russia. Russian-market vehicles use 433.92 MHz for RKE/TPMS.,Military radios only,Military FM,No civilian SRD at 315 MHz,25,GRFC Table,No SRD at 315 MHz in Russia. Automotive RKE/TPMS uses 433.92 MHz.,True,
312.0,315.0,ES,ITU Region 1 / CEPT,FIXED / MOBILE (Government/Military),Allocated,Military UHF. No 315 MHz SRD in Spain — 433.92 MHz used for automotive RKE/TPMS.,Military radios only,Military FM,No civilian SRD at 315 MHz,25,CNAF,No SRD at 315 MHz in Spain.,True,
312.0,315.0,IT,ITU Region 1 / CEPT,FIXED / MOBILE (Government/Military),Allocated,Military UHF. No 315 MHz SRD in Italy — 433.92 MHz used for automotive RKE/TPMS.,Military radios only,Military FM,No civilian SRD at 315 MHz,25,"PNRF, MIMIT",No SRD at 315 MHz in Italy.,True,
312.0,315.0,CH,ITU Region 1 / CEPT,FIXED / MOBILE (Government/Military),Allocated,Military UHF. No 315 MHz SRD in Switzerland — 433.92 MHz used for automotive RKE/TPMS.,Military radios only,Military FM,No civilian SRD at 315 MHz,25,BAKOM Frequenzzuweisungsplan,No SRD at 315 MHz in Switzerland.,True,
315.0,322.0,US,ITU Region 2 / USA,MILITARY FIXED / MOBILE,Allocated,Federal military UHF tactical; MUOS uplink continuation; military SATCOM,"L3Harris AN/PRC-163, AN/PRC-117G, MUOS terminals","MUOS wideband CDMA, narrowband DAMA, SINCGARS ECCM",N/A (military),25,"NTIA Manual, 47 CFR 2.106 G27",Federal Government exclusive. Continuation of MUOS uplink band.,True,
315.0,322.0,FR,ITU Region 1 / CEPT,FIXED / MOBILE (Government/Military),Allocated,French military UHF tactical,"Thales SYNAPS, PR4G","FM, HAVE QUICK",N/A (military),25,ANFR TNRBF,Military exclusive.,True,
315.0,322.0,UK,ITU Region 1 / CEPT,FIXED / MOBILE (Government/Military),Allocated,UK MoD UHF tactical,Bowman/Morpheus system,"FM, HAVE QUICK II",N/A (military),25,"Ofcom UKPFA, Crown use",MoD exclusive.,True,
315.0,322.0,DE,ITU Region 1 / CEPT,FIXED / MOBILE (Government/Military),Allocated,Bundeswehr UHF tactical,R&S MR3000 series,"FM, HAVE QUICK",N/A (military),25,BNetzA Frequenzplan,Military exclusive.,True,
315.0,322.0,CN,ITU Region 3,FIXED / MOBILE (Military),Allocated,PLA UHF military communications,PLA-standard UHF radios,"FM, proprietary",N/A (military),25,MIIT Radio Regulations,Military exclusive.,False,
315.0,322.0,RU,ITU Region 1,FIXED / MOBILE (Military),Allocated,Russian military UHF,R-168 family,"FM, ECCM",N/A (military),25,GRFC Table,Military exclusive.,False,
315.0,322.0,ES,ITU Region 1 / CEPT,FIXED / MOBILE (Government/Military),Allocated,Spanish military UHF,NATO-standard UHF radios,"FM, HAVE QUICK",N/A (military),25,CNAF,Military exclusive.,True,
315.0,322.0,IT,ITU Region 1 / CEPT,FIXED / MOBILE (Government/Military),Allocated,Italian military UHF,Leonardo radios,"FM, HAVE QUICK",N/A (military),25,PNRF,Military exclusive.,True,
315.0,322.0,CH,ITU Region 1 / CEPT,FIXED / MOBILE (Government/Military),Allocated,Swiss Armed Forces UHF,Thales PR4G,FM,N/A (military),25,BAKOM Frequenzzuweisungsplan,Military exclusive.,True,
322.0,328.6,US,ITU Region 2 / USA,MILITARY FIXED / MOBILE + RADIO ASTRONOMY (secondary),Shared,"Federal military UHF (primary); Radio astronomy observation of Deuterium line at 327.4 MHz (secondary, protected under ITU RR 5.149). NRAO Green Bank Observatory, VLA observe in this band.","Military: AN/PRC-117G, AN/PRC-152A; Radio astronomy: NRAO Green Bank Telescope (GBT), Very Large Array (VLA) receivers",Military FM; radio astronomy passive (receive-only),N/A (military primary); radio astronomy receive-only,25,"NTIA Manual, 47 CFR 2.106, ITU RR 5.149 (radio astronomy protection), US74","327.4 MHz is the Deuterium (D) hyperfine transition line, used in cosmological studies. NRQZ (National Radio Quiet Zone) around Green Bank provides additional protection. Military is primary user; radio astronomy operates on secondary/protected basis.",True,
322.0,328.6,FR,ITU Region 1 / CEPT,FIXED / MOBILE (Government/Military) + RADIO ASTRONOMY (secondary),Shared,Military UHF (primary); Radio astronomy at Nancay Radio Observatory (Station de radioastronomie de Nancay) — Deuterium line 327.4 MHz observations,"Military radios (Thales); Nancay decametric array and NenuFAR low-frequency array (primary observation range lower, but 327 MHz used for pulsar timing)",Military FM; radio astronomy passive (receive-only),N/A,25,"ANFR TNRBF, ITU RR 5.149, ECA (European Common Allocation) footnote EU2",Nancay observatory in Sologne operates a large decametric array. 327.4 MHz deuterium line observations. Protected zone around Nancay per French national regulations.,True,
322.0,328.6,UK,ITU Region 1 / CEPT,FIXED / MOBILE (Government/Military) + RADIO ASTRONOMY (secondary),Shared,Military UHF (primary); Radio astronomy at Jodrell Bank Observatory — 327 MHz pulsar and transient observations,"Military: Bowman; Radio astronomy: Jodrell Bank Lovell Telescope (76m), e-MERLIN array",Military FM; radio astronomy passive,N/A,25,"Ofcom UKPFA, ITU RR 5.149, Jodrell Bank Radio Telescope Consultation Zone (SI 2003/419)","Jodrell Bank has a statutory consultation zone (established by UK SI 2003/419, updated 2010) providing protection from interfering transmissions. 327 MHz observations of pulsars and hydrogen/deuterium.",True,
322.0,328.6,DE,ITU Region 1 / CEPT,FIXED / MOBILE (Government/Military) + RADIO ASTRONOMY (secondary),Shared,Military UHF (primary); Radio astronomy at Effelsberg Radio Observatory (MPIfR) — 327 MHz observations,Military: Bundeswehr UHF radios; Radio astronomy: Effelsberg 100-m Radio Telescope (Max-Planck-Institut fur Radioastronomie),Military FM; radio astronomy passive,N/A,25,"BNetzA Frequenzplan, ITU RR 5.149",Effelsberg 100-m telescope near Bad Munstereifel conducts observations at 327 MHz. Protection zone around observatory.,True,
322.0,328.6,CN,ITU Region 3,FIXED / MOBILE (Military) + RADIO ASTRONOMY (secondary),Shared,Military UHF (primary); Radio astronomy — FAST (Five-hundred-meter Aperture Spherical Telescope) in Guizhou province observes at frequencies including 327 MHz band,"Military: PLA UHF radios; Radio astronomy: FAST 500-m telescope (Pingtang, Guizhou)",Military FM; radio astronomy passive,N/A,25,"MIIT Radio Regulations, ITU RR 5.149, Guizhou Provincial Radio Quiet Zone regulations",FAST (completed 2016) is the world's largest filled-aperture radio telescope. A 5-km core radio quiet zone and 30-km electro-magnetic wave environment protection zone exist around FAST.,True,
322.0,328.6,RU,ITU Region 1,FIXED / MOBILE (Military) + RADIO ASTRONOMY (secondary),Shared,"Military UHF (primary); Radio astronomy — RATAN-600 (Special Astrophysical Observatory, Caucasus) and Pushchino Radio Astronomy Observatory","Military: Russian UHF radios; Radio astronomy: RATAN-600 (576-m ring radio telescope), Pushchino BSA array",Military FM; radio astronomy passive,N/A,25,"GRFC Table, ITU RR 5.149",RATAN-600 operates at multiple frequencies including the UHF range. Pushchino BSA (Big Scanning Antenna) array near Moscow also conducts low-frequency observations.,True,
322.0,328.6,ES,ITU Region 1 / CEPT,FIXED / MOBILE (Government/Military) + RADIO ASTRONOMY (secondary),Shared,"Military UHF (primary); Radio astronomy — Yebes Observatory (IGN, Guadalajara) conducts observations including UHF bands",Military: NATO-standard UHF radios; Radio astronomy: Yebes 40-m telescope,Military FM; radio astronomy passive,N/A,25,"CNAF, ITU RR 5.149",Yebes Observatory operated by Instituto Geografico Nacional. 40-m telescope primarily for VLBI but covers UHF range.,True,
322.0,328.6,IT,ITU Region 1 / CEPT,FIXED / MOBILE (Government/Military) + RADIO ASTRONOMY (secondary),Shared,"Military UHF (primary); Radio astronomy — Medicina Radio Observatory (INAF, Bologna) and Noto (Sicily) conduct observations at 327 MHz","Military: Italian military radios; Radio astronomy: Medicina 32-m telescope, Northern Cross array (Medicina)",Military FM; radio astronomy passive,N/A,25,"PNRF, MIMIT, ITU RR 5.149","Medicina Northern Cross is a large T-shaped transit array operating at 408 MHz primarily, but the 32-m VLBI antenna covers 327 MHz. INAF operates the Italian radio astronomy network.",True,
322.0,328.6,CH,ITU Region 1 / CEPT,FIXED / MOBILE (Government/Military) + RADIO ASTRONOMY (secondary),Shared,"Swiss military UHF (primary); Radio astronomy secondary (no major Swiss observatory at 327 MHz, but ITU protection applies)",Military: Swiss Armed Forces UHF radios,Military FM; radio astronomy passive,N/A,25,"BAKOM Frequenzzuweisungsplan, ITU RR 5.149",Switzerland has no major 327 MHz radio astronomy facility but respects ITU 5.149 protection for radio astronomy.,True,
328.6,335.4,US,ITU Region 2 / USA,AERONAUTICAL RADIONAVIGATION (ILS Glide Path),Allocated,Instrument Landing System (ILS) Glide Path/Glide Slope transmitters for precision runway approach. 40 ILS channels between 329.15-335.00 MHz paired with localizer frequencies 108.10-111.95 MHz.,"Thales TLS 420/430 Glide Slope, Indra Navia NORMARC 7000 series, Collins Aerospace GLS-800, Honeywell airborne ILS receivers",AM DSB 90 Hz / 150 Hz tone modulation (ILS standard per ICAO Annex 10),ILS Glide Slope: typically 2-20 W radiated (Category I/II/III dependent); field strength defined by ICAO standards,50,"FCC 47 CFR 87.187, ICAO Annex 10 Volume I Chapter 3.1, FAA Order 6750.16E",ILS Glide Path is an ICAO-mandated worldwide allocation. 40 channels from 329.15 MHz to 335.00 MHz with 150 kHz spacing. Each GS frequency is paired with a Localizer frequency. Category III ILS provides autoland capability. This is an exclusively aeronautical band — no other users permitted.,True,
328.6,335.4,FR,ITU Region 1 / CEPT,AERONAUTICAL RADIONAVIGATION (ILS Glide Path),Allocated,"ILS Glide Path for French airports (CDG, Orly, Lyon, Nice, Marseille, Toulouse, etc.)","Thales TLS 420/430 Glide Slope transmitters (Thales is a major French manufacturer), Indra Navia NORMARC",AM DSB 90/150 Hz (ICAO standard),Per ICAO Annex 10 standards,50,"ANFR TNRBF, DGAC (Direction Generale de l'Aviation Civile), ICAO Annex 10",Same worldwide ILS standard. France has extensive ILS infrastructure at major airports. Thales (French company) is one of the world's largest ILS equipment manufacturers.,True,
328.6,335.4,UK,ITU Region 1 / CEPT,AERONAUTICAL RADIONAVIGATION (ILS Glide Path),Allocated,"ILS Glide Path for UK airports (Heathrow, Gatwick, Stansted, Manchester, Edinburgh, etc.)","Thales TLS 420/430, Indra Navia NORMARC, Collins Aerospace equipment",AM DSB 90/150 Hz (ICAO standard),Per ICAO Annex 10,50,"Ofcom UKPFA, CAA (Civil Aviation Authority), ICAO Annex 10",Heathrow has Cat III ILS on multiple runways. NATS (National Air Traffic Services) operates the ILS infrastructure.,True,
328.6,335.4,DE,ITU Region 1 / CEPT,AERONAUTICAL RADIONAVIGATION (ILS Glide Path),Allocated,"ILS Glide Path for German airports (Frankfurt, Munich, Berlin, Dusseldorf, Hamburg, etc.)","Thales TLS 420/430, Indra Navia NORMARC",AM DSB 90/150 Hz (ICAO standard),Per ICAO Annex 10,50,"BNetzA Frequenzplan, DFS (Deutsche Flugsicherung), ICAO Annex 10",Frankfurt Airport has multiple Cat III ILS systems. DFS operates ILS infrastructure in Germany.,True,
328.6,335.4,CN,ITU Region 3,AERONAUTICAL RADIONAVIGATION (ILS Glide Path),Allocated,"ILS Glide Path for Chinese airports (Beijing Capital/Daxing, Shanghai Pudong/Hongqiao, Guangzhou Baiyun, etc.)","Thales TLS series, CAAC-approved ILS equipment",AM DSB 90/150 Hz (ICAO standard),Per ICAO Annex 10,50,"CAAC (Civil Aviation Administration of China), MIIT, ICAO Annex 10",China has massively expanded ILS infrastructure with airport construction boom. Same ICAO worldwide standard.,True,
328.6,335.4,RU,ITU Region 1,AERONAUTICAL RADIONAVIGATION (ILS Glide Path),Allocated,"ILS Glide Path for Russian airports (Sheremetyevo, Domodedovo, Pulkovo, etc.)","Various ILS equipment (Thales, Indra, Russian-manufactured)",AM DSB 90/150 Hz (ICAO standard),Per ICAO Annex 10,50,"GRFC Table, Rosaviatsiya (Federal Air Transport Agency), ICAO Annex 10",Russia uses ICAO-standard ILS at major airports. Some airports still use older Soviet-era systems being upgraded.,True,
328.6,335.4,ES,ITU Region 1 / CEPT,AERONAUTICAL RADIONAVIGATION (ILS Glide Path),Allocated,"ILS Glide Path for Spanish airports (Madrid-Barajas, Barcelona El Prat, Malaga, Palma, etc.)","Indra ILS equipment (Indra is a major Spanish defense/ATC company), Thales TLS series",AM DSB 90/150 Hz (ICAO standard),Per ICAO Annex 10,50,"CNAF, AESA (Agencia Estatal de Seguridad Aerea), ENAIRE (Spanish ANSP), ICAO Annex 10",Indra Sistemas (Spain) is a major manufacturer of ILS and ATC equipment worldwide.,True,
328.6,335.4,IT,ITU Region 1 / CEPT,AERONAUTICAL RADIONAVIGATION (ILS Glide Path),Allocated,"ILS Glide Path for Italian airports (Roma Fiumicino, Milano Malpensa/Linate, Napoli, etc.)","Thales TLS 420/430, Indra Navia NORMARC, Leonardo ATC systems",AM DSB 90/150 Hz (ICAO standard),Per ICAO Annex 10,50,"PNRF, ENAV (Italian ANSP), ENAC (Ente Nazionale per l'Aviazione Civile), ICAO Annex 10",ENAV operates ILS systems in Italy. Leonardo (formerly Selex ES) provides some ATC/ILS systems.,True,
328.6,335.4,CH,ITU Region 1 / CEPT,AERONAUTICAL RADIONAVIGATION (ILS Glide Path),Allocated,"ILS Glide Path for Swiss airports (Zurich, Geneva, Basel-Mulhouse, Bern, etc.)","Thales TLS 420/430, Indra Navia NORMARC",AM DSB 90/150 Hz (ICAO standard),Per ICAO Annex 10,50,"BAKOM, Skyguide (Swiss ANSP), ICAO Annex 10",Zurich Airport has Cat III ILS. Skyguide operates ATC and ILS infrastructure in Switzerland.,True,
335.4,350.0,US,ITU Region 2 / USA,MILITARY AERONAUTICAL MOBILE / FIXED,Allocated,"Federal Government exclusive — Military UHF aeronautical mobile (air-to-air, air-to-ground tactical); military base operations; HAVE QUICK anti-jam voice","AN/ARC-210 airborne radio (Rockwell Collins/Collins Aerospace), AN/PRC-117G man-portable, AN/VRC-110 vehicular (General Dynamics)","AM (UHF aeronautical voice), FM (tactical ground), HAVE QUICK II ECCM frequency hopping",N/A (military),25,"NTIA Manual, 47 CFR 2.106 G27",Part of the military UHF tactical band. UHF aeronautical voice uses AM modulation (like civil aviation VHF). HAVE QUICK II provides ECCM protection across 225-400 MHz with frequency hopping.,True,
335.4,350.0,FR,ITU Region 1 / CEPT,MOBILE (Government/Military) / AERONAUTICAL MOBILE,Allocated,French military aeronautical and tactical UHF; Air Force (Armee de l'Air et de l'Espace) air-to-ground; NATO interoperability,"Thales TRC 9600 airborne radio, Thales SYNAPS vehicular","AM (aeronautical), FM (tactical), HAVE QUICK",N/A (military),25,ANFR TNRBF,"Military aeronautical mobile band. French fighter aircraft (Rafale, Mirage 2000) use this band for tactical UHF voice.",True,
335.4,350.0,UK,ITU Region 1 / CEPT,MOBILE (Government/Military) / AERONAUTICAL MOBILE,Allocated,UK MoD military aeronautical and tactical UHF; RAF air operations,"Thales/Collins ARC-210 airborne, Bowman ground radios","AM (aeronautical), FM (tactical), HAVE QUICK II",N/A (military),25,"Ofcom UKPFA, Crown use","RAF aircraft (Typhoon, F-35B) use military UHF for tactical voice. MoD exclusive.",True,
335.4,350.0,DE,ITU Region 1 / CEPT,MOBILE (Government/Military) / AERONAUTICAL MOBILE,Allocated,Bundeswehr military aeronautical UHF; Luftwaffe tactical,"R&S MR3000H, ARC-210 airborne","AM (aeronautical), FM (tactical), HAVE QUICK",N/A (military),25,BNetzA Frequenzplan,Military exclusive.,True,
335.4,350.0,CN,ITU Region 3,MOBILE (Military) / AERONAUTICAL MOBILE,Allocated,PLA Air Force tactical UHF; Chinese military aeronautical,PLAAF-standard UHF airborne radios,"AM, FM, proprietary",N/A (military),25,MIIT Radio Regulations,Military exclusive. China allocates 350-370 MHz for PDT (Police Digital Trunking) — see separate entry.,False,
335.4,350.0,RU,ITU Region 1,MOBILE (Military) / AERONAUTICAL MOBILE,Allocated,Russian military aeronautical and tactical UHF; VKS (Aerospace Forces) air operations,"Russian military airborne radios (R-800L series for Su-27/30/35, MiG-29 aircraft)","AM (aeronautical), FM (tactical), Russian ECCM",N/A (military),25,GRFC Table,Military exclusive.,False,
335.4,350.0,ES,ITU Region 1 / CEPT,MOBILE (Government/Military) / AERONAUTICAL MOBILE,Allocated,Spanish military aeronautical UHF; Ejercito del Aire,"NATO-standard UHF radios, ARC-210","AM (aeronautical), FM, HAVE QUICK",N/A (military),25,"CNAF, Min. Defensa",Military exclusive.,True,
335.4,350.0,IT,ITU Region 1 / CEPT,MOBILE (Government/Military) / AERONAUTICAL MOBILE,Allocated,Italian military aeronautical UHF; Aeronautica Militare tactical,"Leonardo/ARC-210 airborne, Leonardo DRS ground radios","AM (aeronautical), FM, HAVE QUICK",N/A (military),25,"PNRF, Min. Difesa",Military exclusive.,True,
335.4,350.0,CH,ITU Region 1 / CEPT,MOBILE (Government/Military) / AERONAUTICAL MOBILE,Allocated,Swiss Air Force tactical UHF,ARC-210 airborne (F/A-18 Hornet fleet),"AM (aeronautical), FM, HAVE QUICK",N/A (military),25,BAKOM Frequenzzuweisungsplan,Swiss Air Force uses NATO-standard UHF for F/A-18 operations.,True,
350.0,370.0,CN,ITU Region 3,MOBILE (Government) / LAND MOBILE,Allocated,"PDT (Police Digital Trunking) — Chinese public safety digital radio standard, used by Chinese police (Gong An), fire, and emergency services. This is China's equivalent of TETRA but uses a different standard.","Hytera PD780G (PDT mode), Hytera DS-6210 PDT base station, Kirisun DP770 (PDT), Motorola Solutions (limited PDT support in China market)","PDT: 4FSK, 12.5 kHz channel spacing, TDMA 2-slot (similar to DMR Tier III but with Chinese-specific encryption and features)",Base station: up to 25W; portable: 1-5W,12.5,"MIIT Radio Regulations, GA/T 1056-2013 (PDT standard), Chinese Public Safety Ministry standards","CRITICAL: China does NOT use TETRA in the 380-395 MHz band like Europe. Instead, China uses PDT (Police Digital Trunking) in 350-370 MHz. PDT was developed by Hytera and standardized by the Chinese Ministry of Public Security. PDT is technically similar to DMR but with Chinese-specific features including built-in encryption, GPS, and dispatching. Over 1 million PDT terminals deployed in China as of 2020.",True,
350.0,380.0,US,ITU Region 2 / USA,MILITARY FIXED / MOBILE,Allocated,Federal Government exclusive — Military UHF LOS tactical; MUOS downlink band (360-380 MHz); military base operations and SATCOM,"AN/PRC-117G, AN/PRC-163, AN/ARC-210 airborne, MUOS terminals","FM (tactical), AM (aero), wideband CDMA (MUOS downlink), HAVE QUICK II",N/A (military),25,"NTIA Manual, 47 CFR 2.106 G27","MUOS downlink is in 360-380 MHz (paired with 300-320 MHz uplink). Five 5 MHz wideband CDMA channels. This is NOT TETRA band — 380-400 MHz is federal government in the US, not public safety TETRA.",True,
350.0,380.0,FR,ITU Region 1 / CEPT,MOBILE (Government/Military),Allocated,French military UHF tactical; part of NATO 225-400 MHz UHF band; some frequencies used for military air traffic control,"Thales SYNAPS, PR4G, TRC 9600 airborne","AM (aeronautical), FM (tactical), HAVE QUICK",N/A (military),25,ANFR TNRBF,Military exclusive. 380 MHz boundary marks transition to TETRA PPDR band in Europe.,True,
350.0,380.0,UK,ITU Region 1 / CEPT,MOBILE (Government/Military),Allocated,UK MoD military UHF tactical,"Bowman/Morpheus, ARC-210","AM, FM, HAVE QUICK II",N/A (military),25,"Ofcom UKPFA, Crown use",MoD exclusive.,True,
350.0,380.0,DE,ITU Region 1 / CEPT,MOBILE (Government/Military),Allocated,Bundeswehr military UHF tactical,"R&S MR3000 series, NATO UHF radios","AM, FM, HAVE QUICK",N/A (military),25,BNetzA Frequenzplan,Military exclusive.,True,
350.0,380.0,RU,ITU Region 1,MOBILE (Military) / LAND MOBILE,Allocated,Russian military UHF tactical; some allocation for Rosgvardiya (National Guard) and MVD (Interior Ministry) trunked radio systems,R-168 military family; Angstrem (Russian electronics) DMR/TETRA variant terminals for security services,"FM, Russian military ECCM; DMR/TETRA variants for security services",Military: N/A; security services per GRFC authorization,25,GRFC Table,"Russia has begun deploying TETRA and DMR-based systems for non-military security services (MVD, Rosgvardiya) in parts of this band, but primary allocation remains military.",False,
350.0,380.0,ES,ITU Region 1 / CEPT,MOBILE (Government/Military),Allocated,Spanish military UHF tactical,NATO UHF radios,"AM, FM, HAVE QUICK",N/A (military),25,CNAF,Military exclusive.,True,
350.0,380.0,IT,ITU Region 1 / CEPT,MOBILE (Government/Military),Allocated,Italian military UHF tactical,Leonardo military radios,"AM, FM, HAVE QUICK",N/A (military),25,"PNRF, Min. Difesa",Military exclusive.,True,
350.0,380.0,CH,ITU Region 1 / CEPT,MOBILE (Government/Military),Allocated,Swiss Armed Forces UHF tactical,"ARC-210, PR4G","AM, FM, HAVE QUICK",N/A (military),25,BAKOM Frequenzzuweisungsplan,Military exclusive. Transition to TETRA band starts at 380 MHz in Switzerland as well (Polycom network).,True,
380.0,385.0,FR,ITU Region 1 / CEPT,LAND MOBILE (TETRA PPDR Uplink),Allocated,"INPT (Infrastructure Nationale Partageable des Transmissions) — French emergency services TETRA network uplink. Used by Police Nationale, Gendarmerie Nationale, sapeurs-pompiers (SDIS fire brigades), SAMU (medical emergency). Formerly known as ACROPOL (police) and ANTARES (fire/EMS), now unified under INPT.","Airbus (formerly EADS/Cassidian) THR880i handheld TETRA, Airbus TH1n, Sepura STP9000 series, Motorola Solutions MTP6550 TETRA","TETRA (pi/4 DQPSK), 25 kHz channel spacing, 4-slot TDMA, TETRA Enhanced Data Service (TEDS) capable","Mobile station: 1W typical, 3W max; base station: up to 25W per carrier",25,"ARCEP decision 2008-0570, ECC/DEC/(08)05, ETSI EN 300 392-2 (TETRA V+D), ANFR TNRBF footnote F25","380-385 MHz is the mobile station transmit (uplink) band, paired with 390-395 MHz (base station transmit/downlink). France completed nationwide INPT TETRA rollout. Network operated by DGPN/DGGN/DGSCGC. Over 250,000 TETRA terminals deployed in France.",True,
380.0,385.0,UK,ITU Region 1 / CEPT,LAND MOBILE (TETRA PPDR Uplink),Allocated,"Airwave network uplink — UK emergency services TETRA. Used by all 43 police forces in England and Wales, Police Scotland, PSNI, all fire and rescue services, ambulance services, and other Category 1/2 responders. Operated by Airwave Solutions (Motorola Solutions subsidiary, formerly O2 Airwave).","Sepura STP9000 series, Sepura SC20/SC21 (Sepura is UK-based), Motorola Solutions MTP850/MTP3250 TETRA, Hytera PD985 (TETRA variant)","TETRA (pi/4 DQPSK), 25 kHz, 4-slot TDMA",Mobile: 1-3W; base station: up to 25W,25,"Ofcom, ECC/DEC/(08)05, Airwave Solutions PMSE licence, Home Office Emergency Services Network (ESN) programme (replacement planned)","Airwave is one of the largest TETRA networks globally with ~3,700 base stations covering 99% of UK landmass. Originally planned for replacement by ESN (4G-based Emergency Services Network on EE/BT network) but ESN has been delayed repeatedly. Airwave contract extended to at least 2029. Over 300,000 TETRA terminals in UK.",True,
380.0,385.0,DE,ITU Region 1 / CEPT,LAND MOBILE (TETRA PPDR Uplink),Allocated,"BOS-Digitalfunk (BOSnet) uplink — German emergency services TETRA network. Used by Polizei (all 16 Lander), Feuerwehr, Rettungsdienst, THW, Bundespolizei, Zoll. Operated by BDBOS (Bundesanstalt fur den Digitalfunk der Behorden und Organisationen mit Sicherheitsaufgaben).","Sepura STP9000/SC20, Motorola Solutions MTP6650 TETRA, Hytera PT580H Plus (BOS-certified), Airbus THR880i (BOS version)","TETRA (pi/4 DQPSK), 25 kHz, 4-slot TDMA, end-to-end encryption (E2EE)",Mobile: 1-3W; base station: up to 25W,25,"BNetzA Frequenzplan, BDBOS Authorisation, ECC/DEC/(08)05, BOS-Funkrichtlinie (TR BOS)","BOSnet is one of the world's largest TETRA networks with ~4,900 base stations (as of 2024). Built by Motorola Solutions (formerly EADS/Cassidian). Uses TETRA with E2EE. Coverage: >99% population. Network declared operationally complete in 2016. Over 1 million BOS radio users in Germany.",True,
380.0,385.0,ES,ITU Region 1 / CEPT,LAND MOBILE (TETRA PPDR Uplink),Allocated,"SIRDEE (Sistema de Radiocomunicaciones Digitales de Emergencia del Estado) uplink — Spanish national emergency services TETRA network. Used by Guardia Civil, Policia Nacional, CNP, bomberos, SAMUR/061 emergency medical. Additionally, autonomous communities operate regional networks: RESCAT (Catalonia), SOS-Deiak (Basque Country), COMDES (Valenciana).","Sepura STP8000/9000 series, Motorola Solutions MTP850/MTP3250, Teltronic TETRA base stations (Teltronic is a Spanish company, now Sepura/Hytera)","TETRA (pi/4 DQPSK), 25 kHz, 4-slot TDMA",Mobile: 1-3W; base station: up to 25W,25,"CNAF nota UN-77, ECC/DEC/(08)05, Min. del Interior / SETSI","SIRDEE was deployed starting 2004 by the Spanish Interior Ministry. Teltronic (now owned by Hytera via Sepura) is based in Zaragoza, Spain and is a significant TETRA infrastructure manufacturer. Spain also has multiple autonomous community TETRA networks operating in the same band.",True,
380.0,385.0,IT,ITU Region 1 / CEPT,LAND MOBILE (TETRA PPDR Uplink),Allocated,"Italian emergency services TETRA uplink. Carabinieri, Polizia di Stato, Vigili del Fuoco, and 118 (emergency medical) use TETRA networks. Italy has a fragmented TETRA deployment with multiple provincial and regional networks rather than a single national network.","Motorola Solutions MTP850/MTP3250, Sepura STP8000/9000, Hytera TETRA terminals","TETRA (pi/4 DQPSK), 25 kHz, 4-slot TDMA",Mobile: 1-3W; base station: up to 25W,25,"PNRF, MIMIT, ECC/DEC/(08)05, Ministero dell'Interno",Italy's TETRA deployment is less centralized than France/UK/Germany. Multiple provincial networks exist. Some forces still use legacy analog systems alongside TETRA. National interoperability remains a challenge.,True,
380.0,385.0,CH,ITU Region 1 / CEPT,LAND MOBILE (TETRA PPDR Uplink),Allocated,"Polycom network uplink — Swiss emergency services TETRA/TETRAPOL network. Used by cantonal police, fire, ambulance, border guard (GWK), Swiss Army (civil protection role). Switzerland uses TETRAPOL (not TETRA) — a competing French-origin standard by Airbus (formerly EADS/Matra).","Airbus TETRAPOL TPH900 handheld, Airbus TMR880i mobile, Airbus TETRAPOL infrastructure (DXT3p switches)","TETRAPOL (GMSK modulation, 10 kHz or 12.5 kHz channel spacing, FDMA not TDMA)",Mobile: 1-2W; base station: up to 25W,12.5,"BAKOM Frequenzzuweisungsplan, BABS (Bundesamt fur Bevolkerungsschutz) Polycom programme, ECC/DEC/(08)05","IMPORTANT: Switzerland uses TETRAPOL, NOT TETRA, for its Polycom emergency services network. TETRAPOL is an FDMA system (vs TETRA's TDMA). TETRAPOL was also used in France (Gendarmerie RUBIS network) before migration to TETRA INPT. Czech Republic also uses TETRAPOL. Channel spacing is 12.5 kHz (TETRAPOL) vs 25 kHz (TETRA).",True,
380.0,385.0,US,ITU Region 2 / USA,FEDERAL GOVERNMENT LAND MOBILE,Allocated,"Federal Government exclusive — Used by federal agencies (DoD, DHS, FBI, DEA, Secret Service, etc.) for UHF LOS communications. This is NOT TETRA — US does not use TETRA in this band. US public safety uses VHF/UHF P25 (APCO-25) on other frequencies (700/800 MHz, 136-174 MHz, 406-470 MHz).","Harris XG-100P (P25 multiband), Motorola Solutions APX8000 (P25 but on other bands), various federal agency UHF LMR radios","FM narrowband (12.5 kHz), some P25 Phase I (C4FM), legacy FM wideband (25 kHz)",Per NTIA authorization — typically up to 50W for mobile stations,12.5,"NTIA Manual Chapter 4, 47 CFR 2.106 footnotes G27/G30, IRAC (Interdepartment Radio Advisory Committee) coordination","CRITICAL CORRECTION: The US does NOT use TETRA in 380-400 MHz. This entire band (380-400 MHz) is Federal Government exclusive, managed by NTIA (not FCC). US public safety uses P25 (APCO Project 25) on 700 MHz (764-776/794-806 MHz), 800 MHz (806-824/851-869 MHz), VHF, and UHF bands — NOT 380-400 MHz TETRA.",True,
380.0,385.0,CN,ITU Region 3,MOBILE (Government/Military),Allocated,Chinese government/military use. China does NOT use TETRA in 380-385 MHz. Chinese public safety uses PDT (Police Digital Trunking) in 350-370 MHz instead. This band may be used for PLA or paramilitary (PAP) communications.,"PLA/PAP standard radios, some Hytera DMR/PDT terminals","FM, DMR, proprietary Chinese military waveforms",Per MIIT/military authorization,12.5,"MIIT Radio Regulations, PLA General Staff Department frequency management","CRITICAL: China does NOT use TETRA for public safety. Chinese police use PDT standard in 350-370 MHz. The 380-400 MHz band in China is primarily military/government, not PPDR TETRA as in Europe.",True,
380.0,385.0,RU,ITU Region 1,MOBILE (Government/Military),Allocated,Russian government/military/security services. Russia has limited TETRA deployments for some MVD and emergency services but NOT in a unified national network like Europe. Some cities have TETRA pilot networks. Primary use remains military.,"Limited TETRA: Sepura, Motorola Solutions TETRA terminals in some city networks; Military: Russian standard UHF radios","TETRA (limited), DMR (some deployments), military FM",Per GRFC authorization,25,"GRFC Table, Russian Communications Ministry","Russia does not have a national TETRA PPDR network comparable to European countries. Some major cities (Moscow, St. Petersburg, Sochi) have localized TETRA deployments for police and emergency services, but coverage is not nationwide. The Russian emergency services also use their own digital standards and APCO-25 variant equipment.",False,
385.0,390.0,FR,ITU Region 1 / CEPT,LAND MOBILE (PPDR Extended / Military Sharing),Shared,"Extended PPDR uplink and military sharing band. In France, this sub-band provides additional capacity for INPT TETRA and allows military/civil shared use. Used for interoperability between military and civilian emergency services during joint operations (e.g., Sentinelle, Vigipirate).","Same TETRA terminals as 380-385 MHz band (Airbus THR880i, Sepura STP9000, Motorola MTP6550)","TETRA (pi/4 DQPSK), 25 kHz","Same as PPDR: mobile 1-3W, BS up to 25W",25,"ANFR TNRBF, ECC/DEC/(08)05 extended PPDR provisions, ARCEP",385-390 MHz is designated for extended PPDR and civil/military sharing in CEPT countries. Some countries use it for additional TETRA capacity; others retain it for military use. France uses it for both.,True,
385.0,390.0,UK,ITU Region 1 / CEPT,LAND MOBILE (PPDR Extended / Military Sharing),Shared,Extended PPDR uplink; shared with MoD. Airwave network can use extended capacity in this sub-band.,Airwave TETRA terminals (same as 380-385),"TETRA, 25 kHz","Mobile 1-3W, BS up to 25W",25,"Ofcom UKPFA, ECC/DEC/(08)05",Shared civil PPDR/military. MoD retains priority access rights.,True,
385.0,390.0,DE,ITU Region 1 / CEPT,LAND MOBILE (PPDR Extended / Military Sharing),Shared,Extended BOS-Digitalfunk uplink capacity; shared with Bundeswehr,BOSnet TETRA terminals (same as 380-385),"TETRA, 25 kHz","Mobile 1-3W, BS up to 25W",25,"BNetzA Frequenzplan, BDBOS, ECC/DEC/(08)05",Shared BOS/Bundeswehr. Additional TETRA carriers available for high-demand events.,True,
385.0,390.0,US,ITU Region 2 / USA,FEDERAL GOVERNMENT LAND MOBILE,Allocated,Federal Government exclusive — continuation of federal UHF LMR. Same agencies and use as 380-385 MHz.,Federal agency UHF LMR radios,"FM narrowband, some P25",Per NTIA authorization,12.5,"NTIA Manual, 47 CFR 2.106 G27",Federal exclusive. No TETRA. No civilian access.,True,
385.0,390.0,ES,ITU Region 1 / CEPT,LAND MOBILE (PPDR Extended / Military Sharing),Shared,Extended SIRDEE TETRA capacity; shared with Fuerzas Armadas,SIRDEE TETRA terminals,"TETRA, 25 kHz","Mobile 1-3W, BS up to 25W",25,"CNAF, ECC/DEC/(08)05",Extended PPDR / military sharing.,True,
385.0,390.0,IT,ITU Region 1 / CEPT,LAND MOBILE (PPDR Extended / Military Sharing),Shared,Extended TETRA capacity; military sharing; Carabinieri and Polizia additional channels,TETRA terminals (same as 380-385),"TETRA, 25 kHz","Mobile 1-3W, BS up to 25W",25,"PNRF, MIMIT, ECC/DEC/(08)05",Extended PPDR / military sharing.,True,
385.0,390.0,CH,ITU Region 1 / CEPT,LAND MOBILE (PPDR Extended / Military Sharing),Shared,Extended Polycom (TETRAPOL) capacity; shared with Swiss Armed Forces,Airbus TETRAPOL TPH900 (same as 380-385),"TETRAPOL (GMSK, FDMA), 12.5 kHz","Mobile 1-2W, BS up to 25W",12.5,"BAKOM, BABS Polycom, ECC/DEC/(08)05","Extended PPDR / military sharing. Switzerland uses TETRAPOL, not TETRA.",True,
385.0,390.0,CN,ITU Region 3,MOBILE (Government/Military),Allocated,Government/military. Not TETRA. China's public safety operates PDT in 350-370 MHz.,Military/government radios,"FM, military proprietary",Per MIIT/military authorization,25,MIIT Radio Regulations,Not TETRA. Chinese public safety uses PDT at 350-370 MHz.,True,
385.0,390.0,RU,ITU Region 1,MOBILE (Government/Military),Allocated,Government/military. Limited TETRA for some city emergency networks.,Military radios; limited TETRA terminals in select cities,"FM, limited TETRA",Per GRFC authorization,25,GRFC Table,Primarily military. Limited localized TETRA deployments.,False,
390.0,395.0,FR,ITU Region 1 / CEPT,LAND MOBILE (TETRA PPDR Downlink),Allocated,"INPT TETRA network downlink (base station transmit). Paired with 380-385 MHz uplink. Base stations transmit to all INPT user terminals (Police, Gendarmerie, Pompiers, SAMU).","Airbus TETRA base stations (TBS series), Motorola Solutions TETRA infrastructure (DIMETRA IP), Sepura STP9000/SC20 (receive)","TETRA (pi/4 DQPSK), 25 kHz, 4-slot TDMA","Base station: 5-25W per carrier (typical 10W urban, 25W rural); mobile receive sensitivity: -112 dBm (TETRA standard)",25,"ARCEP, ECC/DEC/(08)05, ETSI EN 300 392-2, ANFR TNRBF","390-395 MHz is the base station transmit (downlink) band, FDD paired with 380-385 MHz uplink with 10 MHz duplex spacing. Maximum 200 x 25 kHz channels available in the 5 MHz bandwidth.",True,
390.0,395.0,UK,ITU Region 1 / CEPT,LAND MOBILE (TETRA PPDR Downlink),Allocated,Airwave TETRA network downlink. Base stations transmit to all Airwave user terminals. Paired with 380-385 MHz uplink.,"Motorola Solutions DIMETRA IP infrastructure, Sepura STP9000/SC20/SC21 (receive), Motorola MTP3250 (receive)","TETRA (pi/4 DQPSK), 25 kHz, 4-slot TDMA",BS: 5-25W per carrier,25,"Ofcom, ECC/DEC/(08)05, ETSI EN 300 392-2","Airwave downlink. 10 MHz duplex spacing. ~3,700 base stations nationwide.",True,
390.0,395.0,DE,ITU Region 1 / CEPT,LAND MOBILE (TETRA PPDR Downlink),Allocated,BOSnet (BOS-Digitalfunk) TETRA downlink. Base stations transmit to all BOS user terminals. Paired with 380-385 MHz uplink.,"Motorola Solutions DIMETRA Express/IP infrastructure, Sepura STP9000/SC20 (receive), Hytera PT580H Plus (receive)","TETRA (pi/4 DQPSK), 25 kHz, 4-slot TDMA, E2EE",BS: 5-25W per carrier,25,"BNetzA, BDBOS, ECC/DEC/(08)05, ETSI EN 300 392-2","BOSnet downlink. ~4,900 base stations. E2EE (end-to-end encryption) deployed across the network.",True,
390.0,395.0,ES,ITU Region 1 / CEPT,LAND MOBILE (TETRA PPDR Downlink),Allocated,SIRDEE TETRA downlink. Paired with 380-385 MHz uplink.,"Teltronic TETRA base stations, Sepura/Motorola terminals (receive)","TETRA (pi/4 DQPSK), 25 kHz, 4-slot TDMA",BS: 5-25W per carrier,25,"CNAF, ECC/DEC/(08)05, ETSI EN 300 392-2",SIRDEE downlink.,True,
390.0,395.0,IT,ITU Region 1 / CEPT,LAND MOBILE (TETRA PPDR Downlink),Allocated,Italian TETRA network downlink. Paired with 380-385 MHz uplink.,Various TETRA infrastructure and terminals,"TETRA (pi/4 DQPSK), 25 kHz, 4-slot TDMA",BS: 5-25W per carrier,25,"PNRF, MIMIT, ECC/DEC/(08)05",Italian TETRA downlink. Fragmented deployment across provinces.,True,
390.0,395.0,CH,ITU Region 1 / CEPT,LAND MOBILE (TETRAPOL PPDR Downlink),Allocated,Polycom TETRAPOL network downlink. Paired with 380-385 MHz uplink.,"Airbus TETRAPOL base stations (DXT3p), TPH900 (receive)","TETRAPOL (GMSK, FDMA), 12.5 kHz",BS: up to 25W,12.5,"BAKOM, BABS, ECC/DEC/(08)05","Polycom downlink. TETRAPOL (FDMA), not TETRA (TDMA).",True,
390.0,395.0,US,ITU Region 2 / USA,FEDERAL GOVERNMENT LAND MOBILE,Allocated,Federal Government exclusive — federal UHF LMR. NOT TETRA.,Federal agency UHF LMR radios,"FM narrowband, some P25",Per NTIA authorization,12.5,"NTIA Manual, 47 CFR 2.106 G27",Federal exclusive. NOT TETRA. US uses P25 on 700/800 MHz for public safety.,True,
390.0,395.0,CN,ITU Region 3,MOBILE (Government/Military),Allocated,Government/military. Not TETRA.,Military/government radios,"FM, military proprietary",Per MIIT/military authorization,25,MIIT Radio Regulations,Not TETRA. China's PPDR uses PDT at 350-370 MHz.,True,
390.0,395.0,RU,ITU Region 1,MOBILE (Government/Military),Allocated,Government/military. Limited TETRA in some cities.,Military radios; limited TETRA,"FM, limited TETRA/DMR",Per GRFC authorization,25,GRFC Table,Primarily military. No national TETRA network.,False,
395.0,399.9,FR,ITU Region 1 / CEPT,LAND MOBILE (Extended PPDR Downlink) / MILITARY,Shared,"Extended PPDR downlink band; paired with 385-390 MHz uplink; shared with military use. Provides additional TETRA capacity for major events, natural disasters, and military-civil interoperability.",Same TETRA terminals as 390-395 MHz,"TETRA (pi/4 DQPSK), 25 kHz",BS: 5-25W per carrier,25,"ANFR TNRBF, ECC/DEC/(08)05, ECC Report 199",Extended PPDR downlink. Available for emergency services overflow during major incidents. Military retains right of way.,True,
395.0,399.9,UK,ITU Region 1 / CEPT,LAND MOBILE (Extended PPDR Downlink) / MILITARY,Shared,Extended PPDR downlink; shared with MoD. Provides additional Airwave capacity.,Airwave TETRA terminals,"TETRA, 25 kHz",BS: 5-25W per carrier,25,"Ofcom UKPFA, ECC/DEC/(08)05",Extended PPDR downlink. MoD priority.,True,
395.0,399.9,DE,ITU Region 1 / CEPT,LAND MOBILE (Extended PPDR Downlink) / MILITARY,Shared,Extended BOSnet downlink; shared with Bundeswehr.,BOSnet TETRA terminals,"TETRA, 25 kHz",BS: 5-25W per carrier,25,"BNetzA, BDBOS, ECC/DEC/(08)05",Extended PPDR downlink. Bundeswehr priority.,True,
395.0,399.9,ES,ITU Region 1 / CEPT,LAND MOBILE (Extended PPDR Downlink) / MILITARY,Shared,Extended SIRDEE downlink; shared with military.,SIRDEE TETRA terminals,"TETRA, 25 kHz",BS: 5-25W per carrier,25,"CNAF, ECC/DEC/(08)05",Extended PPDR downlink. Military priority.,True,
395.0,399.9,IT,ITU Region 1 / CEPT,LAND MOBILE (Extended PPDR Downlink) / MILITARY,Shared,Extended TETRA downlink; shared with military.,TETRA terminals,"TETRA, 25 kHz",BS: 5-25W per carrier,25,"PNRF, MIMIT, ECC/DEC/(08)05",Extended PPDR downlink.,True,
395.0,399.9,CH,ITU Region 1 / CEPT,LAND MOBILE (Extended PPDR Downlink) / MILITARY,Shared,Extended Polycom (TETRAPOL) downlink; shared with Swiss Armed Forces.,Airbus TETRAPOL terminals,"TETRAPOL (GMSK, FDMA), 12.5 kHz",BS: up to 25W,12.5,"BAKOM, BABS, ECC/DEC/(08)05","Extended PPDR downlink. TETRAPOL, not TETRA.",True,
395.0,399.9,US,ITU Region 2 / USA,FEDERAL GOVERNMENT LAND MOBILE,Allocated,Federal Government exclusive — federal UHF LMR. Continuation of federal band up to 400 MHz boundary.,Federal agency UHF LMR radios,"FM narrowband, some P25",Per NTIA authorization,12.5,"NTIA Manual, 47 CFR 2.106 G27",Federal exclusive. NOT TETRA.,True,
395.0,399.9,CN,ITU Region 3,MOBILE (Government/Military),Allocated,Government/military. Not TETRA.,Military/government radios,"FM, military proprietary",Per MIIT/military authorization,25,MIIT Radio Regulations,Not TETRA.,True,
395.0,399.9,RU,ITU Region 1,MOBILE (Government/Military),Allocated,Government/military.,Military/government radios,"FM, limited TETRA/DMR",Per GRFC authorization,25,GRFC Table,Primarily military.,False,
399.9,400.0,US,ITU Region 2 / USA,RADIONAVIGATION-SATELLITE,Allocated,RNSS (radionavigation-satellite) satellite system (search and rescue); also upper boundary of federal UHF band. 399.9-400.05 MHz is allocated to Radionavigation-Satellite worldwide.,"Argos PTT transmitters, satellite RNSS receivers",Satellite navigation signals,Per ITU/ICAO standards,,"ITU RR 5.260, 5.261, 47 CFR 2.106","399.9-400.05 MHz is a worldwide allocation for radionavigation-satellite (downlink). This serves as a transition between the military UHF band (225-400 MHz) and the meteorological/space research bands above 400 MHz. [FACTCHECK CORRECTION: COSPAS-SARSAT emergency beacons transmit at 406.0-406.1 MHz, NOT 399.9 MHz. The 399.9-400.05 MHz allocation is for RNSS downlinks (Argos system).]",True,
399.9,400.0,FR,ITU Region 1 / CEPT,RADIONAVIGATION-SATELLITE,Allocated,Radionavigation-satellite (RNSS (radionavigation-satellite)); transition to 400+ MHz bands,SARSAT satellite receivers,Satellite signals,Per ITU standards,,"ANFR TNRBF, ITU RR 5.260, 5.261","Worldwide radionavigation-satellite allocation at 399.9-400.05 MHz. [FACTCHECK CORRECTION: COSPAS-SARSAT emergency beacons transmit at 406.0-406.1 MHz, NOT 399.9 MHz. The 399.9-400.05 MHz allocation is for RNSS downlinks (Argos system).]",True,
399.9,400.0,UK,ITU Region 1 / CEPT,RADIONAVIGATION-SATELLITE,Allocated,Radionavigation-satellite (RNSS (radionavigation-satellite)),SARSAT receivers,Satellite signals,Per ITU standards,,"Ofcom UKPFA, ITU RR 5.260","Worldwide allocation. [FACTCHECK CORRECTION: COSPAS-SARSAT emergency beacons transmit at 406.0-406.1 MHz, NOT 399.9 MHz. The 399.9-400.05 MHz allocation is for RNSS downlinks (Argos system).]",True,
399.9,400.0,DE,ITU Region 1 / CEPT,RADIONAVIGATION-SATELLITE,Allocated,Radionavigation-satellite (RNSS (radionavigation-satellite)),SARSAT receivers,Satellite signals,Per ITU standards,,"BNetzA Frequenzplan, ITU RR 5.260","Worldwide allocation. [FACTCHECK CORRECTION: COSPAS-SARSAT emergency beacons transmit at 406.0-406.1 MHz, NOT 399.9 MHz. The 399.9-400.05 MHz allocation is for RNSS downlinks (Argos system).]",True,
399.9,400.0,CN,ITU Region 3,RADIONAVIGATION-SATELLITE,Allocated,Radionavigation-satellite; BeiDou system components,Argos PTT (CLS)/GNSS satellite receivers,Satellite signals,Per ITU standards,,"MIIT, ITU RR 5.260","Worldwide allocation. China operates BeiDou Navigation Satellite System. [FACTCHECK: BeiDou operates at L-band (B1: 1561 MHz, B2: 1207 MHz, B3: 1268 MHz), not 399.9 MHz.]",True,
399.9,400.0,RU,ITU Region 1,RADIONAVIGATION-SATELLITE,Allocated,Radionavigation-satellite; GLONASS system components; RNSS (radionavigation-satellite) (Russia is a COSPAS founding member),RNSS downlink/COSPAS receivers,Satellite signals,Per ITU standards,,"GRFC Table, ITU RR 5.260","Russia is a founding member of the COSPAS-SARSAT system (COSPAS = Russian contribution). [FACTCHECK CORRECTION: COSPAS-SARSAT emergency beacons transmit at 406.0-406.1 MHz, NOT 399.9 MHz. The 399.9-400.05 MHz allocation is for RNSS downlinks (Argos system).] [FACTCHECK: GLONASS uses L1 (1602.5625 MHz), L2 (1246.4375 MHz), L3 (1202.025 MHz), not 399.9 MHz.]",True,
399.9,400.0,ES,ITU Region 1 / CEPT,RADIONAVIGATION-SATELLITE,Allocated,Radionavigation-satellite (RNSS (radionavigation-satellite)),SARSAT receivers,Satellite signals,Per ITU standards,,"CNAF, ITU RR 5.260","Worldwide allocation. [FACTCHECK CORRECTION: COSPAS-SARSAT emergency beacons transmit at 406.0-406.1 MHz, NOT 399.9 MHz. The 399.9-400.05 MHz allocation is for RNSS downlinks (Argos system).]",True,
399.9,400.0,IT,ITU Region 1 / CEPT,RADIONAVIGATION-SATELLITE,Allocated,Radionavigation-satellite (RNSS (radionavigation-satellite)),SARSAT receivers,Satellite signals,Per ITU standards,,"PNRF, ITU RR 5.260","Worldwide allocation. [FACTCHECK CORRECTION: COSPAS-SARSAT emergency beacons transmit at 406.0-406.1 MHz, NOT 399.9 MHz. The 399.9-400.05 MHz allocation is for RNSS downlinks (Argos system).]",True,
399.9,400.0,CH,ITU Region 1 / CEPT,RADIONAVIGATION-SATELLITE,Allocated,Radionavigation-satellite (RNSS (radionavigation-satellite)),SARSAT receivers,Satellite signals,Per ITU standards,,"BAKOM, ITU RR 5.260","Worldwide allocation. [FACTCHECK CORRECTION: COSPAS-SARSAT emergency beacons transmit at 406.0-406.1 MHz, NOT 399.9 MHz. The 399.9-400.05 MHz allocation is for RNSS downlinks (Argos system).]",True,
400.15,401.0,ALL,ITU Worldwide,Meteorological Aids (Radiosonde),Allocated,"Upper-air weather observation radiosondes. Balloon-borne transmitters sending temperature, humidity, pressure, wind data during ascent.","Vaisala RS41-SG/SGP (tunable 400.16-405.99 MHz, ~60 mW TX power, GFSK modulation, 4.8 kHz peak deviation), Graw DFM-17 (GNSS radiosonde, ~100 mW TX, continuous frequency selection)",GFSK (Gaussian Frequency Shift Keying),Typically 60-100 mW transmit power,,"ITU RR Article 5, footnote 5.282; WMO CIMO Guide","Radiosondes are expendable; over 800,000 synoptic flights per year worldwide. Frequency selected per launch to avoid co-channel interference with nearby stations. RS41 has replaced the older RS92 in most national weather services.",True,
401.0,402.0,ALL,ITU Worldwide,"Meteorological Satellite (Earth-to-space), Space Operation, Earth Exploration-Satellite",Allocated,"Data Collection Platforms (DCP) uplink to geostationary meteorological satellites. Environmental monitoring buoys, river gauges, seismic sensors transmit telemetry.","NOAA GOES DCS uplink transmitters (10 W into wide-beam antenna, relayed via L-band ~1680 MHz), EUMETSAT Meteosat DCP receivers, Sutron XLite/SatLink3 data loggers","BPSK, various data rates (100/300/1200 bps)",Typically 10 W EIRP for DCP transmitters,3,ITU RR 5.208B; NOAA GOES DCS channel plan; WMO Manual on GOS,GOES DCS channels span 401.7-402.4 MHz. International DCS (IDCS) channels spaced 3 kHz apart from 402.0355-402.0655 MHz. Channels I23-I33 (402.0685-402.0985 MHz) allocated to EUMETSAT for regional use. Government primary use for meteorological satellite and earth exploration satellite (Earth-to-space only).,True,
402.0,405.0,ALL,ITU Worldwide,Medical Implant Communications Service (MICS) / MedRadio,Allocated,"Ultra-low-power wireless communication between implanted medical devices and external programmer/monitor units. Range 2-5 meters. Used for pacemaker interrogation, implantable cardioverter-defibrillator (ICD) data retrieval, neurostimulator programming.","Medtronic Micra leadless pacemaker (Bluetooth LE + MICS telemetry), Abbott Assurity MRI pacemaker (RF telemetry), Biotronik Edora 8 pacemaker (wandless MICS telemetry for home monitoring), Boston Scientific ACCOLADE MRI pacemaker (ZIP telemetry)","Various (FSK, OQPSK depending on manufacturer)",25 uW EIRP (-16 dBm EIRP) maximum,300,"ITU-R SA.1346; ETSI EN 301 839 (EU); FCC 47 CFR Part 95 Subpart I (US, MedRadio); ECC/REC/(02)01",10 channels of 300 kHz each within the 402-405 MHz core band. Frequency error shall not exceed +/-100 ppm. Wing bands at 401-402 MHz and 405-406 MHz added by FCC in 2009 (MedRadio expansion). MICS is ITU worldwide allocation ensuring interoperability for patients traveling internationally. Biotronik and Medtronic developed home monitoring systems using MICS band.,True,
402.0,405.0,FR,Europe (ITU Region 1),MICS - Medical Implant Communications,Allocated,Medical implant telemetry per ETSI EN 301 839,"Medtronic Micra, Abbott Assurity MRI, Biotronik Edora 8, Boston Scientific ACCOLADE",FSK/OQPSK,25 uW EIRP,300,ETSI EN 301 839; ANFR TNRBF; ECC/DEC/(01)17,Harmonized across EU per ECC Decision. ANFR manages national implementation. Same technical parameters as worldwide ITU allocation.,True,
402.0,405.0,US,North America (ITU Region 2),MedRadio (Medical Device Radiocommunications Service),Allocated,"Medical implant communications, body-worn medical devices, medical body area networks (MBAN)","Medtronic Micra, Abbott Assurity MRI, Boston Scientific ACCOLADE, Biotronik Edora 8",FSK/OQPSK,25 uW EIRP,300,FCC 47 CFR Part 95 Subpart I; FCC 09-23 (MedRadio R&O),"FCC expanded MICS to MedRadio in 2009, adding wing bands 401-402 MHz and 405-406 MHz for medical body area networks. Core band 402-405 MHz unchanged at 25 uW EIRP, 300 kHz channels.",True,
405.0,406.0,ALL,ITU Worldwide,Meteorological Aids (Radiosonde),Allocated,Radiosonde transmissions for upper-air weather observation. Primary band for radiosonde operations in many countries.,"Vaisala RS41-SG (tunable across 400.16-405.99 MHz), Graw DFM-17 (commonly set to 403 MHz area), Meteomodem M10/M20, InterMet iMet-4",GFSK,60-100 mW typical,,ITU RR Article 5; ITU-R RS.1165,403-406 MHz is the most heavily used portion for radiosonde systems globally. Almost all national meteorological services operate radiosondes in this sub-band. Co-channel sharing with other services assessed as generally not feasible except under strict conditions.,True,
406.0,406.1,ALL,ITU Worldwide (PROTECTED),Cospas-Sarsat Distress Beacons (Mobile-Satellite Service),Allocated,"Emergency distress alerting via satellite. EPIRB (maritime), PLB (personal/land), ELT (aviation). Internationally protected frequency - transmissions restricted exclusively to distress signaling.","ACR GlobalFix V4 EPIRB (406 MHz + 121.5 MHz homing, 66-ch GPS, 5W output), McMurdo SmartFind G8 AIS EPIRB (406 MHz + AIS), Ocean Signal rescueME PLB3 (406 MHz PLB, 66-ch GPS), Kannad SafeLink Solo PLB, ACR ResQLink 400 PLB","Phase modulation (PM), digital message encoding per C/S T.001",5 W (+37 dBm) typical EPIRB/PLB output power,3,"ITU RR 5.267; ITU-R M.633; ETSI EN 300 066; Cospas-Sarsat C/S T.001 (beacon specs), C/S T.012 (channel plan); IMO SOLAS Chapter IV; ICAO Annex 10, ITU RR footnote 5.266 (no harmful interference)","ABSOLUTELY PROTECTED BAND worldwide. No other transmissions permitted. Channel plan per C/S T.012 covers 406.025-406.076 MHz with channels at 406.025, 406.028, 406.031, 406.037, 406.040 MHz and more. Beacons transmit 0.5s burst every 50s. LEOSAR (Cospas) and GEOSAR (GOES/Meteosat/INSAT) satellite detection. MEOSAR (Galileo/GLONASS/GPS SAR) provides near-instantaneous global coverage with return link service. All 406 MHz beacons must be registered with national authority. [FACTCHECK ADDITION: ITU RR 5.266 also applies — prohibits harmful interference to Cospas-Sarsat band.]",True,
406.1,410.0,ALL,ITU Worldwide,"Radio Astronomy, Fixed, Mobile, Space Research",Shared,"Radio astronomy observations, land mobile communications, fixed links. Shared allocation varies by ITU region.","Radio telescope receivers (continuum observations), land mobile radio base stations","Various (FM for mobile, passive receive for radio astronomy)",Varies by service and country,,ITU RR Article 5; ITU-R RA.769 (radio astronomy protection criteria),Radio astronomy has protection requirements per ITU-R RA.769. Mobile and fixed services share on condition of not causing harmful interference to radio astronomy. 406.1-410 MHz is a transition zone between protected 406 MHz distress band and land mobile allocations.,True,
410.0,420.0,FR,Europe (ITU Region 1),"Fixed, Mobile, PMR, Railway Radio",Allocated,"SNCF railway analogue radio (legacy), PMR professional mobile radio networks, military systems","Motorola DP4800 (403-470 MHz UHF, DMR, 4W, 1000 channels), SNCF train-to-ground radio equipment, Hytera PD785 DMR portable","FM analog, DMR (4FSK TDMA)","Up to 25 W mobile, 50 W base station (licensed PMR)",12.5,ANFR TNRBF; ARCEP frequency authorization,"In France, 410-420 MHz includes SNCF legacy railway radio allocations and professional mobile radio. SNCF has been transitioning to GSM-R (900 MHz) and FRMCS but legacy 400 MHz equipment still in use on some lines. Military also uses portions of this band.",True,
410.0,420.0,DE,Europe (ITU Region 1),"Fixed, Mobile, BOS (Emergency Services)",Allocated,"BOS Digitalfunk (TETRA-based emergency services digital radio), legacy analog BOS remnants, PMR","Motorola MTP6650 TETRA, Sepura SC21 TETRA, legacy BOS analog Motorola GM360","TETRA (pi/4-DQPSK), legacy FM analog","Up to 30 W (TETRA base stations), 3 W (TETRA handheld)",25,BNetzA Frequenzplan; BOS-Funkrichtlinie,"Germany's BOS Digitalfunk (emergency services radio) operates on TETRA in the 380-400 MHz range primarily, but 410-420 MHz contains some BOS analog remnants and government/military allocations. BNetzA manages spectrum for non-federal, BDBOS for BOS network.",True,
410.0,420.0,US,North America (ITU Region 2),"Federal Government (Fixed, Mobile)",Allocated,"US Federal government exclusive use. Military, federal law enforcement, other government agencies.",Various federal government radio systems (classified/restricted information),"Various (P25, FM analog, digital)",Varies by authorization (NTIA managed),12.5,NTIA Manual of Regulations and Procedures for Federal Radio Frequency Management; 47 USC 305,"410-420 MHz is allocated exclusively to US Federal government use, managed by NTIA (not FCC). Non-federal users cannot operate in this band. Includes Department of Defense, Department of Justice, and other federal agencies.",True,
410.0,420.0,UK,Europe (ITU Region 1),"Fixed, Mobile, Ministry of Defence",Allocated,"Ministry of Defence (primary user), some PMR and government communications","Military tactical radio systems, Bowman radio (legacy)",Various,Varies by license,12.5,Ofcom UKFAT; UK Spectrum Strategy,The 400 MHz range in the UK has MoD as a significant primary user. Civil PMR users share on a managed basis. Ofcom has conducted strategic reviews of UHF spectrum at 420-470 MHz.,True,
410.0,420.0,RU,ITU Region 1,"Fixed, Mobile, Government/Military",Allocated,"Government and military communications, fixed links",Military radio systems,Various,Varies by authorization,25,GRFC (General Radio Frequency Centre) frequency allocation table,"Russia allocates 410-420 MHz primarily for government and military use. GRFC manages spectrum allocation under the Ministry of Digital Development, Communications and Mass Media.",True,
410.0,420.0,CN,ITU Region 3,"Fixed, Mobile",Allocated,"Government and military communications, land mobile radio",Various government/military radio equipment,Various,Varies by authorization,25,"MIIT National Frequency Allocation Table (effective July 1, 2023); SRRC regulations","China's MIIT manages spectrum via SRRC (State Radio Regulation of China). The 410-420 MHz range is primarily allocated to government and military services. MIIT revised radio frequency allocations with latest version effective July 1, 2023.",True,
420.0,430.0,US,North America (ITU Region 2),"Amateur Radio, Radiolocation",Shared,"Amateur radio (70cm band lower segment), military radiolocation (radar). Amateur stations must not cause interference to, and must accept interference from, government radiolocation.","Yaesu FT-70DR (amateur handheld, 144/430 MHz dual-band), Icom IC-9700 (amateur all-mode), military radar systems","FM, SSB, CW, digital modes (DMR, D-STAR, System Fusion)","1500 W PEP (amateur, FCC Part 97); military radiolocation varies",,FCC 47 CFR Part 97; 47 CFR 97.303(h)(1),"US amateur allocation uniquely extends down to 420 MHz (not 430 MHz as in Region 1). Amateurs must accept interference from and not cause interference to government radiolocation within 80.5 km of Buffalo, Cleveland, and Detroit. 420-430 MHz is secondary to radiolocation in some areas.",True,
420.0,430.0,UK,Europe (ITU Region 1),"Fixed, Mobile, Radiolocation, MoD",Allocated,"Ministry of Defence primary user, radiolocation systems. NOT amateur radio (amateur starts at 430 MHz in UK).",Military radar and communication systems,Various,Varies by authorization,,Ofcom UKFAT; Ofcom Strategic Review of UHF Spectrum at 420-470 MHz,"In the UK, 420-430 MHz is NOT available for amateur radio. Amateur allocation begins at 430 MHz. MoD is the primary user of this band.",True,
430.0,440.0,US,North America (ITU Region 2),"Amateur Radio, Radiolocation",Shared,"Amateur radio 70cm band (part of broader 420-450 MHz US amateur allocation). Repeaters, simplex, satellite, weak signal, ATV, digital modes.","Yaesu FT-70DR, Kenwood TH-D75A, Icom IC-905, AMSAT satellites (435-438 MHz uplink/downlink), various DMR/D-STAR/Fusion repeaters","FM, SSB, CW, ATV (DATV), DMR (4FSK TDMA), D-STAR (GMSK), C4FM (System Fusion)",1500 W PEP (FCC Part 97),,FCC 47 CFR Part 97.301(a); 47 CFR 97.303,"US amateur allocation is 420-450 MHz (30 MHz wide), much wider than Region 1's 430-440 MHz (10 MHz). Shared with radiolocation on a co-primary basis. +/- 5 MHz repeater offset standard. 432.1 MHz is weak signal calling frequency. 435-438 MHz includes amateur satellite allocations. No ISM overlay at 433 MHz in the US.",True,
430.0,440.0,UK,Europe (ITU Region 1),Amateur Radio,Secondary,"Amateur radio 70cm band. Repeaters, simplex, satellite, ATV, data, weak signal.","Yaesu FT-991A, Icom IC-7100, Kenwood TM-D710GA, various GB3xx repeaters","FM, SSB, CW, ATV, DMR, D-STAR, C4FM",40 W (16 dBW) ERP Full/Intermediate license in 430-432 MHz; 400 W ERP in other segments (with restrictions),,Ofcom UKFAT; RSGB band plan; Ofcom Amateur Radio License terms,"Secondary to MoD (Ministry of Defence) which is the primary user. 431-432 MHz not available within 100 km radius of Charing Cross, London. Repeaters/beacons above 25 W ERP require MoD coordination via Notice of Variation. Standard repeater shift is +1.6 MHz (input 430-432 MHz, output 438-440 MHz).",True,
430.0,440.0,FR,Europe (ITU Region 1),Amateur Radio,Secondary,Amateur radio 70cm band. Limited in some areas due to military primary allocation.,"Yaesu FT-70DR, Icom IC-9700, DMR repeaters (F1ZBD network)","FM, SSB, CW, DMR, D-STAR, C4FM, ATV","120 W (class 1 license), lower for other classes",,ANFR TNRBF; ARCEP Decision 2014-1263; Arrete du 21 septembre 2000 (amateur radio),"Secondary allocation. French military has primary usage in some geographic areas, which may restrict amateur operations. The 435-438 MHz segment includes amateur satellite allocations. ISM band 433.05-434.79 MHz overlays amateur allocation - amateurs must accept ISM interference.",True,
430.0,440.0,DE,Europe (ITU Region 1),Amateur Radio,Secondary,Amateur radio 70cm band. Shared with ISM (433.05-434.79 MHz) and radiolocation.,"Yaesu FT-991A, Icom IC-9700, Kenwood TH-D75A, DARC repeater network (DB0xx)","FM, SSB, CW, DMR, D-STAR, C4FM, DATV","750 W PEP (Class A license), 75 W PEP (Class E license)",,BNetzA Frequenzplan; AFuV (Amateurfunkverordnung); DARC band plan,"Secondary to radiolocation (primary). ISM band 433.05-434.79 MHz overlays - amateur stations must accept interference from ISM devices. 435-438 MHz reserved for amateur satellite operations only (no local communications). Maximum bandwidth 2 MHz for digital modes, 7 MHz for AM-ATV.",True,
430.0,440.0,IT,Europe (ITU Region 1),"Amateur Radio, Fixed, Mobile","Secondary (Amateur), Primary (Fixed/Mobile in sub-bands)",Amateur radio 70cm band with gaps. Fixed and mobile services are co-primary in 430-435 MHz and 438-440 MHz segments.,"Yaesu FT-70DR, Icom IC-9700, ARI repeater network (IR/IQ prefix)","FM, SSB, CW, DMR, D-STAR, C4FM",50 W maximum,,MISE/MIMIT frequency plan; ITU RR footnote 5.271 (Italy); ARI band plan,"Italy has a UNIQUE allocation structure: 430-434 MHz (amateur), 434-435 MHz (NOT amateur - reserved for other services), 435-438 MHz (amateur). The 1 MHz gap at 434-435 MHz is a significant restriction not found in most other European countries. Fixed service allocated on primary basis across 430-440 MHz per ITU footnote for Italy.",True,
430.0,440.0,ES,Europe (ITU Region 1),Amateur Radio,Secondary,"Amateur radio 70cm band. Repeaters, simplex, digital modes.","Yaesu FT-70DR, Icom IC-9700, EA/EB prefix repeaters","FM, SSB, CW, DMR, D-STAR, C4FM",50 W maximum transmitted power (200 W peak per CNAF),25,CNAF (Cuadro Nacional de Atribucion de Frecuencias); BOE resolution; FEDI-EA band plan,"Spain allocates 430-440 MHz to amateur radio as secondary service. Maximum transmitted power 50 W with 200 W peak, 25 kHz bandwidth limit. Spain recently opened the 40 MHz (8m) band for amateurs (2024), showing progressive spectrum policy.",True,
430.0,440.0,CH,Europe (ITU Region 1),"Amateur Radio, Fixed, Mobile",Secondary (Amateur),Amateur radio 70cm band. Shared with ISM (433.05-434.79 MHz) and fixed/mobile services.,"Yaesu FT-991A, Icom IC-9700, HB9 repeater network","FM, SSB, CW, DMR, D-STAR, C4FM","Varies by license class (typically 50 W for HB3, higher for HB9)",,BAKOM (OFCOM Switzerland) national frequency allocation plan; Swiss RRL (Radio and Telecommunications Regulation),"In Switzerland, 433.05-434.79 MHz is designated as ISM band - amateur stations must accept interference from ISM applications. Fixed service allocated on primary basis across 430-440 MHz per ITU footnote. Bands 430-435 MHz and 438-440 MHz also allocated to mobile (except aeronautical mobile) on primary basis.",True,
430.0,440.0,RU,ITU Region 1,"Amateur Radio, Radiolocation, Fixed, Mobile",Secondary (Amateur),Limited amateur radio allocation. Government/military has primary use. LPD433 license-free band overlays at 433.075-434.775 MHz.,"Baofeng UV-5R (popular imported handheld), Yaesu FT-60R, various Russian-made equipment","FM, SSB, CW","5 W (amateur, typical authorization), 10 mW (LPD433)",,GRFC frequency allocation; Russian Federation amateur radio regulations,"Russia has limited amateur allocation in 430-440 MHz. In practice, high power operation is common on LPD433 frequencies (433.075-434.775 MHz) despite regulations. Russian operators also commonly use LPD and PMR446 frequencies for cross-band CB repeater links. Amateur radio licensing in Russia managed by GRFC.",True,
430.0,440.0,CN,ITU Region 3,"Amateur Radio, Radiolocation, Fixed, Mobile",Secondary (Amateur),Limited amateur radio in some provinces. Government/military primary.,"Baofeng UV-5R, TYT MD-UV380 (popular Chinese-made DMR handheld), various locally manufactured equipment","FM, DMR","25 W maximum (amateur, typical Class A)",,MIIT frequency allocation table; CRAC (Chinese Radio Amateur Club) regulations,China's amateur allocation at 430-440 MHz is limited and varies by province. SRRC type approval required for all radio equipment. Amateur licensing managed by CRAC under MIIT supervision. Some provinces have additional restrictions. ISM-like use at 433 MHz is not formally designated as in Region 1.,True,
433.05,434.79,FR,Europe (ITU Region 1),ISM / SRD (Short Range Devices) - Non-specific,Shared,"License-free short range devices: home automation, weather stations, car key fobs, TPMS sensors, wireless doorbells, garage door openers, alarm systems, remote controls, IoT sensors, LoRa devices.","Somfy RTS blinds/shutters (433.42 MHz, OOK+Manchester, rolling code), Renault/PSA car key fobs (433.92 MHz), Netatmo weather station, Chacon/DIO 433.92 MHz home automation modules, RFXCOM RFXtrx433E transceiver (433.92 MHz + 433.42 MHz Somfy TX), Friedland wireless doorbells (433.92 MHz)","OOK (On-Off Keying), ASK, FSK, GFSK, LoRa (CSS)",10 mW ERP (with 10% duty cycle) or 1 mW ERP (no duty cycle limit for some applications),25,ETSI EN 300 220; ERC/REC 70-03 Annex 1; ANFR SRD table; EU Decision 2006/771/EC (as amended),"CRITICAL EUROPEAN SRD BAND. Sub-bands: (1) 433.05-434.79 MHz at 10 mW ERP with <=10% duty cycle for non-specific SRDs; (2) 433.05-434.79 MHz at 1 mW ERP with advanced mitigation for voice; (3) 434.04-434.79 MHz at 10 mW ERP with NO duty cycle limit, 25 kHz max channel spacing. This band is ISM only in ITU Region 1 (Europe/Africa/Middle East). France additionally restricts some sub-bands where military/defense systems operate (per ECC Rec 70-03 notes on h2/h3 sub-bands).",True,
433.05,434.79,DE,Europe (ITU Region 1),ISM / SRD (Short Range Devices) - Non-specific,Shared,"License-free short range devices: home automation, weather stations, car key fobs, TPMS sensors, wireless doorbells, garage door openers, alarm systems, IoT sensors.","VW/BMW/Mercedes car key fobs (433.92 MHz), Hormann garage door openers (433.92 MHz, rolling code; newer models use BiSecur 868.3 MHz), Oregon Scientific weather stations (433.92 MHz), ELV/Homematic 433 MHz devices, Somfy RTS (433.42 MHz)","OOK, ASK, FSK, GFSK, LoRa",10 mW ERP (10% duty cycle) or 1 mW ERP (voice with APC/AFA),25,ETSI EN 300 220; ERC/REC 70-03 Annex 1; BNetzA Allgemeinzuteilung Vfg Nr. 40/2020,Germany designates 433.05-434.79 MHz (centre 433.92 MHz) as ISM band per ITU RR footnote 5.138. Amateur radio services operating in this band must accept harmful interference from ISM applications. Sub-band 434.04-434.79 MHz allows 10 mW ERP without duty cycle restriction at 25 kHz spacing. BNetzA general allocation (Allgemeinzuteilung) covers non-specific SRDs.,True,
433.05,434.79,UK,Europe (ITU Region 1),ISM / SRD (Short Range Devices) - Non-specific,Shared,License-free short range devices. Exempt from individual licensing under Ofcom IR 2030.,"Byron wireless doorbells (433.92 MHz), car key fobs (433.92 MHz), CAME/NICE garage door openers (433.92 MHz), Oregon Scientific weather sensors (433.92 MHz), Yale alarm system sensors, LoRa IoT nodes","OOK, ASK, FSK, GFSK, LoRa",10 mW ERP (10% duty cycle),25,Ofcom IR 2030 (UK Interface Requirements 2030); ETSI EN 300 220; UK Radio Equipment Regulations 2017,UK maintains alignment with European SRD framework post-Brexit through IR 2030. Same technical parameters as EU. Overlays amateur 70cm band (430-440 MHz) where amateur is secondary. 434.04-434.79 MHz sub-band allows 10 mW ERP without duty cycle limit at 25 kHz max occupied bandwidth.,True,
433.05,434.79,ES,Europe (ITU Region 1),ISM / SRD (Short Range Devices) - Non-specific,Shared,License-free short range devices per EU harmonized framework.,"Car key fobs (433.92 MHz), weather stations, garage door openers, home automation, alarm sensors","OOK, ASK, FSK, GFSK, LoRa",10 mW ERP (10% duty cycle),25,ETSI EN 300 220; ERC/REC 70-03 Annex 1; CNAF; Spanish Royal Decree on SRD,Spain follows EU harmonized SRD framework. Sub-bands h2 and h3 may be limited in Spain where defense/governmental systems operate. Standard 433.92 MHz devices widely used.,True,
433.05,434.79,IT,Europe (ITU Region 1),ISM / SRD (Short Range Devices) - Non-specific,Shared,License-free short range devices per EU harmonized framework.,"Car key fobs (433.92 MHz, Fiat/Alfa Romeo/Lancia), CAME gate openers (433.92 MHz), NICE gate openers (433.92 MHz), weather stations, alarm sensors","OOK, ASK, FSK, GFSK",10 mW ERP (10% duty cycle),25,ETSI EN 300 220; ERC/REC 70-03 Annex 1; MIMIT (formerly MISE) frequency plan,Italy follows EU harmonized SRD framework. Notable that this ISM band overlaps with the amateur band gap at 434-435 MHz (where amateurs cannot operate in Italy). CAME and NICE are Italian manufacturers of gate/garage automation widely using 433.92 MHz.,True,
433.05,434.79,CH,Europe (ITU Region 1),ISM / SRD (Short Range Devices) - Non-specific,Shared,License-free short range devices. Switzerland follows CEPT/ETSI framework despite not being EU member.,"Car key fobs (433.92 MHz), weather stations, garage door openers, alarm sensors, Somfy RTS (433.42 MHz)","OOK, ASK, FSK, GFSK, LoRa",10 mW ERP (10% duty cycle),25,ETSI EN 300 220; ERC/REC 70-03 Annex 1; BAKOM/OFCOM Switzerland national allocation plan,Switzerland specifically listed in ITU RR footnote 5.138 designating 433.05-434.79 MHz as ISM. BAKOM applies same SRD parameters as EU. Amateur radio services must accept harmful interference from ISM applications in this band.,True,
433.05,434.79,US,North America (ITU Region 2),"Part 15 (Unlicensed, Periodic Operation)",Secondary,"Very limited unlicensed operation under FCC Part 15.231. Restricted to periodic transmitters: remote controls, security alarms, sensor reporting. NOT an ISM band in the US (US ISM is 902-928 MHz).","Some imported 433 MHz garage door remotes, tire pressure sensors (though US mainly uses 315 MHz for TPMS/RKE), wireless weather sensor receivers (limited)","OOK, ASK",Field strength limit: ~11.8 mV/m at 3 meters (approximately -1.4 dBm / 0.72 mW for a quarter-wave antenna); max bandwidth 0.25% of center frequency,,FCC 47 CFR Part 15.231 (Periodic operation above 70 MHz); Part 15.209 (general emission limits),"CRITICAL DIFFERENCE: The US does NOT have an ISM band at 433 MHz. FCC Part 15.231 allows only periodic (non-continuous) operation for remote controls and alarms. Manually operated transmitters must deactivate within 5 seconds of release. Polling/supervision transmissions limited to 2 seconds per hour per transmitter. The US equivalent ISM band is 902-928 MHz. Most US car key fobs use 315 MHz, not 433.92 MHz. European 433 MHz devices are generally NOT FCC-compliant for US use.",True,
433.075,434.775,RU,ITU Region 1,LPD433 (Low Power Device) - License-free,Shared,License-free low power devices and walkie-talkies. Russia's alternative to European PMR446. 69 channels for narrow FM voice and data.,"Baofeng BF-888S (commonly used on LPD frequencies), Motorola TLKR T50, various Chinese-manufactured LPD radios, Midland G5","NFM (Narrowband FM) for voice, OOK/FSK for data devices","10 mW ERP (official limit, though widely exceeded in practice)",25,Russian Federation radio regulation; GRFC general authorization for LPD433,"69 channels starting at 433.075 MHz, ending at 434.775 MHz, spaced 25 kHz apart. In practice, Russian operators commonly exceed the 10 mW power limit. LPD433 and PMR446 frequencies are also used for cross-band CB repeater links in Russia and former Soviet countries. High power use is common despite regulations. LPD433 is Russia's primary license-free personal communications allocation (rather than PMR446 which is European).",True,
433.42,433.42,FR,Europe (ITU Region 1),SRD - Somfy RTS Protocol,Shared,"Somfy RTS (Radio Technology Somfy) motorized blinds, shutters, awnings, and screen control. Dominant home automation protocol in France for window coverings.","Somfy Telis 1/4 RTS remote, Somfy Smoove Origin RTS wall switch, Somfy Situo 5 RTS, Somfy Connexoon RTS gateway, RFXCOM RFXtrx433E (433.42 MHz Somfy TX + 433.92 MHz general TX)",OOK (On-Off Keying) with Manchester encoding. Bit period ~604 us. Frame: preamble (hardware sync pulses + software sync) followed by 56 bits (7 bytes) of scrambled data.,10 mW ERP (within SRD band limits),,ETSI EN 300 220; Somfy proprietary protocol (reverse-engineered: pushstack.wordpress.com/somfy-rts-protocol/),"Somfy uses EXACTLY 433.42 MHz (NOT 433.92 MHz) for the RTS protocol. Data is Manchester encoded: rising edge = 1, falling edge = 0. 56-bit payload scrambled by XORing each byte with previous scrambled byte. Rolling code is 16 bits wide but receiver acceptance window of ~100 codes means effective entropy is 9-10 bits. Frame structure: wake-up pulses, hardware sync (2 high pulses), software sync (1 long high pulse of ~4550 us), then Manchester-encoded data. Somfy has shipped over 200 million RTS devices worldwide.",True,
433.92,433.92,FR,Europe (ITU Region 1),"SRD - European TPMS, RKE, Weather Stations, Home Automation",Shared,"Primary frequency for European automotive TPMS (Tire Pressure Monitoring System), RKE (Remote Keyless Entry), wireless weather stations, home automation, wireless doorbells, garage door openers.","Renault/PSA/VW/BMW/Mercedes car key fobs (433.92 MHz RKE with rolling code), European TPMS sensors (433.92 MHz, NOT 315 MHz), Oregon Scientific weather stations (433.92 MHz OOK protocol), Chacon/DIO 433.92 MHz switches, Friedland/Byron doorbells (433.92 MHz)","OOK, ASK, FSK (varies by device type and manufacturer)",10 mW ERP (within SRD limits),,ETSI EN 300 220; EU Directive 2006/771/EC; UNECE Regulation 141 (TPMS mandate EU 2014+),"433.92 MHz is the CENTER FREQUENCY of the European ISM/SRD band. European cars use 433.92 MHz for BOTH TPMS and key fobs (NOT 315 MHz which is the US/Japan frequency). This is a critical regional difference. TPMS mandatory in EU since November 1, 2012 (new type approvals) / November 1, 2014 (all new vehicles) for new cars. Oregon Scientific RF protocols (v1.0, v2.1, v3.0) all use 433.92 MHz OOK modulation. Hormann older garage openers use 433.92 MHz (newer BiSecur system uses 868.3 MHz). CAME and NICE Italian gate openers also use 433.92 MHz.",True,
433.92,433.92,DE,Europe (ITU Region 1),"SRD - TPMS, RKE, Weather Stations, Home Automation",Shared,"European automotive TPMS, RKE, wireless sensors, home automation, garage door openers.","VW/BMW/Mercedes/Audi car key fobs (433.92 MHz), European TPMS sensors, Hormann HSE 2 garage opener (433.92 MHz, rolling code), ELV weather sensors, Homematic 433 MHz sensors","OOK, ASK, FSK",10 mW ERP,,ETSI EN 300 220; BNetzA Allgemeinzuteilung,"German automotive manufacturers (VW Group, BMW, Mercedes-Benz) all use 433.92 MHz for European-market key fobs and TPMS. Hormann (German garage door manufacturer) offers both 433.92 MHz (legacy HSM4/HSE2) and 868.3 MHz (BiSecur, from 2005+) systems.",True,
440.0,450.0,US,North America (ITU Region 2),"Land Mobile (Part 90), Amateur Radio (Part 97)",Shared,"UHF business band (Part 90), amateur radio upper 70cm (Part 97 up to 450 MHz), public safety, industrial.","Motorola APX 8000 (public safety P25), Kenwood NX-5300 (NXDN/DMR), amateur repeaters (typically 440-450 MHz output, 445-450 input with +5 MHz offset)","FM analog, P25 (C4FM/CQPSK), DMR (4FSK), NXDN (4FSK)",Amateur: 1500 W PEP; Part 90: varies by license (typically 2-50 W mobile),12.5,"FCC 47 CFR Part 90 (land mobile); Part 97 (amateur, 420-450 MHz)",US amateur band extends to 450 MHz (not 440 as in Region 1). 440-450 MHz is shared between amateur radio (secondary above 440 MHz in some areas) and land mobile services. Part 90 UHF business band frequencies are individually licensed. 12.5 kHz narrowband mandate applies to Part 90 operations.,True,
440.0,450.0,FR,Europe (ITU Region 1),"Fixed, Mobile, PMR",Allocated,"Professional mobile radio (PMR), fixed links, government/military.","Motorola DP4800 (DMR, 403-470 MHz), Hytera PD685 (DMR), Kenwood NX-3320 (NXDN/DMR)","FM analog, DMR, TETRA",Varies by license (typically up to 25 W mobile),12.5,ANFR TNRBF; ARCEP frequency authorization,440-450 MHz in France allocated to fixed and mobile services. Professional mobile radio users require ARCEP frequency authorization. Some sub-bands used by military.,True,
440.0,450.0,UK,Europe (ITU Region 1),"Fixed, Mobile, PMR, PMSE",Allocated,"Professional mobile radio, Programme Making and Special Events (PMSE), some government use.","Motorola DP4800, Hytera PD685, PMSE talkback systems","FM analog, DMR",Varies by license,12.5,Ofcom UKFAT; Ofcom Business Radio license terms,Transition band between amateur (430-440 MHz) and major PMSE/PMR usage (450-470 MHz). Some 440-450 MHz used for business radio and PMSE applications.,True,
440.0,450.0,DE,Europe (ITU Region 1),"Fixed, Mobile, PMR",Allocated,"Professional mobile radio, government communications, utilities.","Motorola DP4800, Hytera PD785, Kenwood NX-3320","FM analog, DMR",Varies by license,12.5,BNetzA Frequenzplan,440-450 MHz allocated to fixed and mobile services in Germany. Licensed PMR operations.,True,
446.00625,446.19375,FR,Europe (CEPT),PMR446 - Analog FM (License-free),Allocated,"License-free analog FM walkie-talkies for personal and business use. No license, no fee, no registration required.","Motorola Talkabout T82 Extreme (500 mW, 8/16 ch, IPx4, 800 mAh NiMH), Motorola Talkabout T62 (500 mW, 16 ch), Midland G9 Pro (PMR446, 8/16 ch, waterproof), Cobra AM1035 FLT","NFM (Narrowband FM), 12.5 kHz channel spacing",500 mW ERP,12.5,ECC Decision (15)05; ETSI EN 300 296-2; EU Decision 2018/1538,"16 analog channels from 446.00625 to 446.19375 MHz at 12.5 kHz spacing. Originally 8 channels (Ch1-8: 446.00625-446.09375), expanded to 16 in 2018 by extending analog into the former digital-only 446.1-446.2 MHz segment. Integral (non-removable) antenna mandatory. Maximum 500 mW ERP. External antennas and repeaters prohibited for PMR446. Channel 1: 446.00625 MHz, Channel 2: 446.01875 MHz, etc.",True,
446.003125,446.196875,FR,Europe (CEPT),"PMR446 - Digital dPMR446 (License-free, FDMA)",Allocated,License-free digital walkie-talkies using dPMR (FDMA) technology. Better spectral efficiency than analog with 6.25 kHz channels.,"Kenwood TK-3601D/TK-3601DE (dPMR446+PMR446, 48 total channels: 32 digital + 16 analog, IP67, MIL-STD, Li-Ion 2200 mAh, up to 19 hrs operation)","4-level FSK (4FSK) at 3.6 kbit/s, FDMA",500 mW ERP,6.25,ECC Decision (15)05; ETSI EN 300 113-2; ETSI EN 301 166-2; ETSI EN 303 405,"32 digital dPMR channels from 446.003125 to 446.196875 MHz at 6.25 kHz spacing. dPMR uses FDMA to split each 12.5 kHz FM channel into two 6.25 kHz digital channels, doubling capacity vs analog. Extended to full 446.0-446.2 MHz band from 2018 per ECC Decision (15)05. dPMR Association manages standards compliance.",True,
446.00625,446.19375,FR,Europe (CEPT),"PMR446 - Digital DMR Tier 1 (License-free, TDMA)",Allocated,License-free digital walkie-talkies using DMR Tier 1 (TDMA) technology. Two timeslots per 12.5 kHz channel.,"Motorola TLK-110 (DMR Tier 1 PMR446), Hytera PD365 (DMR PMR446), Retevis RT68","4-level FSK (4FSK) at 3.6 kbit/s, TDMA (2 timeslots per 12.5 kHz channel)",500 mW ERP,12.5,ECC Decision (15)05; ETSI EN 300 113-2; ETSI EN 303 405,"16 channels using DMR Tier 1 TDMA with 12.5 kHz spacing (same channel plan as analog). Each channel provides 2 timeslots, effectively 32 talk paths. From 2018, digital DMR extended onto 446.0-446.1 MHz (previously analog-only). DMR and dPMR are incompatible digital modes.",True,
446.0,446.2,DE,Europe (CEPT),"PMR446 (Analog + Digital, License-free)",Allocated,License-free walkie-talkies per EU harmonization.,"Motorola Talkabout T82, Midland G9 Pro, Kenwood TK-3601DE, Albrecht Tectalk Float","NFM analog (12.5 kHz), dPMR FDMA (6.25 kHz), DMR TDMA (12.5 kHz)",500 mW ERP,12.5,ECC Decision (15)05; BNetzA Allgemeinzuteilung; ETSI EN 300 296-2; ETSI EN 303 405,Same parameters as all CEPT countries. BNetzA implements via general allocation (Allgemeinzuteilung). No license required. Integral antenna mandatory.,True,
446.0,446.2,UK,Europe (CEPT),"PMR446 (Analog + Digital, License-free)",Allocated,"License-free walkie-talkies. Widely used for personal, business, events, outdoor activities.","Motorola Talkabout T82, Midland G9 Pro, Kenwood TK-3601DE, Binatone Action 1100","NFM analog (12.5 kHz), dPMR FDMA (6.25 kHz), DMR TDMA (12.5 kHz)",500 mW ERP,12.5,Ofcom IR 2030; ECC Decision (15)05; UK Wireless Telegraphy (Licence Exemption) Regulations,UK maintains PMR446 post-Brexit under Ofcom IR 2030. Same technical parameters as EU. Integral antenna mandatory. No external antennas or repeaters.,True,
446.0,446.2,ES,Europe (CEPT),"PMR446 (Analog + Digital, License-free)",Allocated,License-free walkie-talkies per EU harmonization.,"Motorola Talkabout T82, Midland G9 Pro, Kenwood TK-3601DE","NFM analog, dPMR, DMR Tier 1",500 mW ERP,12.5,ECC Decision (15)05; CNAF; Spanish telecommunications regulations,Spain follows EU-harmonized PMR446 standard. No license required.,True,
446.0,446.2,IT,Europe (CEPT),"PMR446 (Analog + Digital, License-free)",Allocated,License-free walkie-talkies per EU harmonization.,"Motorola Talkabout T82, Midland G9 Pro (Midland is Italian brand), Kenwood TK-3601DE","NFM analog, dPMR, DMR Tier 1",500 mW ERP,12.5,ECC Decision (15)05; MIMIT frequency plan; Italian telecommunications regulations,Italy follows EU-harmonized PMR446 standard. Midland (C.T.E. International) is an Italian company and major PMR446 radio manufacturer. No license required.,True,
446.0,446.2,CH,Europe (CEPT),"PMR446 (Analog + Digital, License-free)",Allocated,License-free walkie-talkies. Switzerland adopts CEPT PMR446 framework.,"Motorola Talkabout T82, Midland G9 Pro, Kenwood TK-3601DE","NFM analog, dPMR, DMR Tier 1",500 mW ERP,12.5,ECC Decision (15)05; BAKOM/OFCOM Switzerland regulations,"Switzerland (non-EU but CEPT member) implements PMR446 under BAKOM regulations, aligned with ECC Decision (15)05. No license required.",True,
446.0,446.2,US,North America (ITU Region 2),NOT AVAILABLE - PMR446 does not exist in US,N/A,PMR446 is NOT used in the United States. The US equivalent is FRS (Family Radio Service) on 462/467 MHz.,"N/A for PMR446. US equivalent: Motorola Talkabout T800/T600 (FRS, 462/467 MHz, 2W on FRS channels), Midland X-TALKER T71VP3",N/A,N/A,,FCC 47 CFR Part 95 Subpart B (FRS); NOT PMR446,"PMR446 (446.0-446.2 MHz) is a EUROPEAN standard. The US uses FRS (Family Radio Service) at 462.5625-467.7125 MHz (22 channels, up to 2W ERP). Using PMR446 radios in the US would violate FCC regulations. Frequencies around 446 MHz in the US are allocated to land mobile and amateur radio services.",True,
446.0,446.2,RU,ITU Region 1,PMR446 (limited adoption) / LPD433 preferred,Shared,PMR446 has limited use in Russia. LPD433 (433.075-434.775 MHz) is the more commonly used license-free band.,"Some imported PMR446 radios (Motorola, Midland), though LPD433 radios more common",NFM analog,500 mW ERP (if PMR446 authorized),12.5,GRFC regulations,"Russia primarily uses LPD433 (433.075-434.775 MHz, 69 channels, 10 mW) as their license-free alternative. PMR446 has some adoption but LPD433 is traditional. In practice, operators often exceed power limits on both bands. Cross-band repeater linking between LPD/PMR446, VHF, and 11m CB is common in Russia.",True,
446.0,446.2,CN,ITU Region 3,NOT AVAILABLE - No PMR446 equivalent,N/A,China does NOT have a PMR446 equivalent. License-free radio limited to specific MIIT-approved bands and devices.,N/A for PMR446. China uses public network walkie-talkie apps (Zello-like) and some MIIT-approved UHF devices on different frequencies.,N/A,N/A,,MIIT radio regulations; SRRC type approval requirements,China has no direct equivalent to PMR446 or FRS. All radio transmitting equipment requires SRRC type approval. License-free personal radio communications are very restricted compared to Europe and North America. Some consumer walkie-talkies operate on MIIT-approved frequencies in the 400-470 MHz range but require specific type approval.,True,
450.0,470.0,FR,Europe (ITU Region 1),"Fixed, Mobile, PMR/PAMR, Railway, Utilities",Allocated,"Professional mobile radio (PMR), PAMR (trunked), SNCF railway, utility company communications, some government use.","Motorola DP4800 (DMR, 403-470 MHz), Hytera PD785, SNCF train radio equipment, utility SCADA systems","FM analog, DMR, TETRA","Up to 25 W mobile, 50 W base station (licensed)",12.5,ANFR TNRBF; ARCEP authorization,"In France, 450-460/460-470 MHz includes SNCF railway radio allocations, utility company networks (EDF, Engie), and PMR. SNCF transitioning to GSM-R/FRMCS but legacy 450 MHz systems remain on some lines. ARCEP manages commercial PMR licensing.",True,
450.0,470.0,DE,Europe (ITU Region 1),"Fixed, Mobile, PMR/PAMR, LTE 450",Allocated,"Professional mobile radio, LTE 450 MHz (Band 72) for critical infrastructure, smart grid, smart metering.","450 Connect LTE network equipment (Band 72, smart grid/metering), Motorola DP4800 (DMR PMR), Sierra Wireless HL7845 (LTE-M 450 MHz module for smart meters), Westermo cellular routers","LTE (OFDMA/SC-FDMA for Band 72), FM analog, DMR",LTE Band 72: 23 dBm UE; PMR: varies by license,,BNetzA Frequenzplan; 450 Connect license (Band 72); 3GPP Band 72 specifications,"NOTABLE: Germany has deployed LTE 450 MHz (3GPP Band 72) via 450 Connect for critical infrastructure. The network supports smart meters, smart grids, substation automation, and emergency voice communications. 450 MHz LTE provides superior building penetration compared to higher frequencies. The 450 Alliance promotes worldwide adoption. Band 72 is FDD: 451-456 MHz (uplink) / 461-466 MHz (downlink).",True,
450.0,470.0,UK,Europe (ITU Region 1),"Fixed, Mobile, PMR, PMSE",Allocated,"Professional mobile radio, PMSE (Programme Making and Special Events), business radio, utility networks.","Motorola DP4800 (DMR), Hytera PD685, PMSE talkback equipment, Icom IC-F4262DT","FM analog, DMR",Varies by Ofcom license (typically 1-25 W),12.5,Ofcom UKFAT; Ofcom Business Radio license; IR 2030,"The 450-470 MHz band (UHF-2) is the MOST utilized PMSE band in the UK, with over 47,000 PMSE assignment allocations in 2022 (representing ~70% of all PMSE assignments). Includes extensive business radio, talkback systems for broadcast and events, and some utility applications. Ofcom has explored whether this band could support utility smart grid networks.",True,
450.0,470.0,US,North America (ITU Region 2),"Land Mobile (Part 90), Public Safety",Allocated,"UHF business band (Part 90), public safety, industrial, transportation. One of the most heavily used land mobile bands in the US.","Motorola APX 8000 (P25 Phase II), Kenwood NX-5300 (NXDN/DMR/P25), Harris XL-200P (P25), Icom IC-F7010T","FM analog (legacy), P25 Phase I (C4FM FDMA), P25 Phase II (H-DQPSK TDMA), DMR, NXDN",2-50 W (varies by license class and equipment),12.5,FCC 47 CFR Part 90; FCC narrowband mandate (12.5 kHz since 2013),"UHF business band 450-470 MHz is individually licensed under Part 90. FCC narrowband mandate requires 12.5 kHz channel spacing (effective January 1, 2013, ending use of 25 kHz channels). Band split: 450-460 MHz (base transmit) / 460-470 MHz (mobile transmit) with 10 MHz offset for repeater operations. Heavily congested in urban areas. Public safety agencies transitioning to P25.",True,
450.0,470.0,RU,ITU Region 1,"Fixed, Mobile, PMR, Government",Allocated,"Professional mobile radio, government communications, some utility networks.","Motorola DP4800, Hytera PD785, Russian-manufactured radio equipment","FM analog, DMR, TETRA",Varies by authorization,12.5,GRFC frequency allocation; Russian telecommunications regulations,"450-470 MHz in Russia used for government and commercial PMR. Some interest in LTE 450 MHz deployment for utilities and rural broadband, though implementation status varies by region.",True,
450.0,470.0,CN,ITU Region 3,"Fixed, Mobile, PMR",Allocated,"Land mobile radio, professional communications, government use.","Hytera PD780 (DMR, Chinese manufacturer), Motorola DP4800, various Chinese-manufactured DMR/analog radios","FM analog, DMR",Varies by MIIT authorization,12.5,MIIT frequency allocation table; SRRC type approval,China's 450-470 MHz allocated to land mobile services. All equipment requires SRRC type approval. Hytera (Shenzhen) is a major Chinese manufacturer of DMR radios operating in this band. Some consideration of LTE 450 MHz for rural broadband.,True,
450.0,470.0,ES,Europe (ITU Region 1),"Fixed, Mobile, PMR",Allocated,"Professional mobile radio, government communications, utilities.","Motorola DP4800, Hytera PD785, Kenwood NX-3320","FM analog, DMR, TETRA",Varies by license,12.5,CNAF; Spanish Ministry of Digital Transformation,"Spain allocates 450-470 MHz for fixed and mobile services. TETRA networks for emergency services (SIRDEE) operate in some portions. Licensed PMR users managed by Spanish telecommunications authority. [FACTCHECK CORRECTION: SIRDEE TETRA operates at 380-400 MHz, not 450-470 MHz. This band hosts other Spanish PMR/PAMR services.]",True,
450.0,470.0,IT,Europe (ITU Region 1),"Fixed, Mobile, PMR",Allocated,"Professional mobile radio, government communications, utilities, railway.","Motorola DP4800, Hytera PD785, Kenwood NX-3320","FM analog, DMR, TETRA",Varies by license,12.5,MIMIT (formerly MISE) frequency plan; Italian telecommunications regulations,"Italy allocates 450-470 MHz for fixed and mobile services. Includes licensed PMR for utilities, transport, and industrial users. TETRA for some public safety applications.",True,
450.0,470.0,CH,Europe (ITU Region 1),"Fixed, Mobile, PMR",Allocated,"Professional mobile radio, government communications, railway, utilities.","Motorola DP4800, Hytera PD785","FM analog, DMR, TETRA",Varies by license,12.5,BAKOM/OFCOM Switzerland national allocation plan,"Switzerland allocates 450-470 MHz for fixed and mobile services. BAKOM manages licensing. Swiss public safety uses Polycom TETRA network (primarily 380-400 MHz but with some 450 MHz infrastructure). [FACTCHECK CORRECTION: Swiss Polycom TETRAPOL operates at 380-400 MHz, not 450 MHz.]",True,
470,694,FR,Europe / ITU Region 1,Broadcasting (DTT),Allocated,DVB-T digital terrestrial television (TNT) — 6 national multiplexes (R1-R6) using DVB-T MPEG-4; R9 multiplex launched 2024 in DVB-T2 HEVC. Channels 21-48 (8 MHz each). Migration to DVB-T2 for all multiplexes planned.,"Thomson THT740 DVB-T2 receiver, Engel RT7130T2 DVB-T2 set-top box, Samsung/LG/Sony integrated DVB-T2 tuners",COFDM (DVB-T: 64QAM typical; DVB-T2: 256QAM),"Varies by site; high-power transmitters up to 20 kW ERP, medium-power 2 kW ERP, low-power gap-fillers 250 W ERP (per GE06 coordination)",8000,ANFR frequency plan; Arcom (ex-CSA) multiplex licences; EU Decision 2017/899 (UHF band until 2030); ITU GE06 Agreement,France operates 6 DVB-T multiplexes (R1-R6) plus DVB-T2 R9. The 700 MHz band (694-790 MHz) was cleared in 2019 for mobile/5G. The 470-694 MHz band is reserved for broadcasting until at least 2030. DVB-T2 transition is underway but slower than Italy/Germany.,True,
470,694,FR,Europe / ITU Region 1,PMSE (Programme Making and Special Events),Secondary,Wireless microphones and in-ear monitors in TV white spaces (interleaved spectrum not used by DTT at a given location),"Shure Axient Digital AD4D (Band G56: 470-636 MHz), Sennheiser EW-DX (Band Q1-9: 470.2-550 MHz; R1-9: 520-607.8 MHz; S1-10: 606.2-693.8 MHz), Sennheiser EW-D (Band Q1-6: 470.2-526 MHz; R1-6: 520-576 MHz), Audio-Technica 5000 Series (Band DG1: 470-700 MHz)",Digital proprietary (Shure: Shure Quadversity; Sennheiser: digital UHF wideband),50 mW ERP maximum (per ERC/REC 25-10 and French national regulations ARCEP),,ERC/REC 25-10; ETSI EN 300 422; ECC/DEC/(15)01; French national allocation via ARCEP/ANFR,PMSE operates on a secondary/non-interference basis in TV white spaces. Users must avoid occupied DTT channels at their location. No individual licence required for power up to 50 mW ERP in most EU countries. Frequencies available depend on local DTT channel assignments.,True,
694,703.0,FR,Europe / ITU Region 1,PMSE (guard band),Allocated,Audio PMSE (wireless microphones) in the 700 MHz lower guard band (694-703 MHz duplex gap below MFCN uplink),"Sennheiser EW-DX (S7-10 band: 662-693.8 MHz extends into this region), Shure Axient Digital (upper tuning range)",Digital proprietary,50 mW ERP,,ECC/DEC/(15)01; EU Implementing Decision 2016/687; ARCEP Decision No. 2014-1263,"The 694-703 MHz guard band sits between the DTT allocation (below 694 MHz) and the 700 MHz MFCN uplink (703-733 MHz). Made available for PMSE on a national basis in France. France allocated 694-703 MHz for audio PMSE use. [FACTCHECK CORRECTION: ECC/DEC/(15)01 specifies the PMSE guard band as 694-703 MHz (9 MHz wide), not 694-700 MHz.]",True,
470,608,US,United States / ITU Region 2,Broadcasting (TV),Allocated,ATSC 1.0 / ATSC 3.0 (NextGen TV) digital terrestrial television — UHF channels 14-36 (6 MHz each). Channel 14 = 470-476 MHz through Channel 36 = 602-608 MHz.,"SiliconDust HDHomeRun ATSC 3.0 tuner, LG/Samsung/Sony TVs with ATSC 3.0 tuner, Channel Master DVR+, Antennas Direct ClearStream antennas","ATSC 1.0: 8-VSB; ATSC 3.0: COFDM with LDPC/BCH FEC, up to 4096QAM (1024QAM typical)",Up to 1000 kW ERP (maximum for full-power UHF stations per FCC Part 73); low-power TV (LPTV) up to 15 kW ERP,6000,FCC 47 CFR Part 73 (broadcast); FCC 47 CFR 2.106 (allocation table); ATSC A/321 (ATSC 3.0 physical layer),"Post-incentive auction (2017), US TV broadcast is confined to channels 14-36 (470-608 MHz). Channel 37 (608-614 MHz) is excluded — reserved for radio astronomy and WMTS. ATSC 3.0 deployment is voluntary and ongoing; many stations simulcast ATSC 1.0 and 3.0.",True,
470,608,US,United States / ITU Region 2,PMSE (wireless microphones),Secondary,"Licensed (FCC Part 74) and unlicensed (Part 15) wireless microphones in TV white spaces, channels 14-36 excluding locally occupied channels","Shure Axient Digital AD4D (Band G50: 470-534 MHz; G56: 470-636 MHz; H50: 534-598 MHz; J50: 572-636 MHz), Sennheiser EW-DX (Q1-9: 470.2-550 MHz), Audio-Technica 5000 Series (DF1: 470-608 MHz + 657-663 MHz)",Digital proprietary (various manufacturers),Part 74 licensed: 250 mW conducted power (UHF TV band); Part 15 unlicensed: 50 mW (lower limit). Part 74 users may register in white spaces database for interference protection.,,FCC 47 CFR Part 74 Subpart H; FCC 47 CFR Part 15.236; FCC 24-22 (2024 wireless microphone order); White Spaces Database (WSDB) per Part 15 Subpart H,"Licensed users (broadcasters, venues) operate under Part 74 with 250 mW conducted power in UHF. Unlicensed users limited to 50 mW. Both must avoid locally used TV channels. White spaces database registration provides interference protection from TV Band Devices (TVBD).",True,
608,614,US,United States / ITU Region 2,Wireless Medical Telemetry Service (WMTS),Allocated,"Wireless patient monitoring telemetry in healthcare facilities — co-primary with Radio Astronomy. TV Channel 37, never assigned to any TV station. Four WMTS channels of 1.5 MHz bandwidth each.","GE Healthcare CARESCAPE Telemetry T14 transmitter with ApexPro CH system (608-614 MHz and 1395-1400 MHz), Philips IntelliVue Telemetry (primarily 1.4 GHz but also supports 608-614 MHz), Spacelabs Xhibit Telemetry",Broadband spread spectrum (various); manufacturer-proprietary digital modulation,"FCC Part 95 Subpart H limits; low power (healthcare facility only, no specific wattage ceiling in Part 95 but devices are designed for in-building coverage typically <100 mW)",1500,FCC 47 CFR Part 95 Subpart H (sections 95.2301-95.2395); FCC Report and Order ET Docket 99-255 (June 2000); Radio Astronomy co-primary per 47 CFR 2.106,"THIS IS A US-ONLY ALLOCATION. In Europe, 608-614 MHz is simply UHF TV channel 38 (EU numbering). WMTS does not exist as a service category in European regulations. The band is co-primary with Radio Astronomy — WMTS users must coordinate with radio astronomy observatories (especially near Green Bank, WV and Socorro, NM). Must register with a white spaces database administrator for interference protection.",True,CONFIRMED — FCC Part 95 Subpart H (47 CFR §95.1101-1129)
608,614,US,United States / ITU Region 2,Radio Astronomy,Allocated,Radio astronomy observations — Channel 37 reserved for radio astronomy since 1963 (FCC Docket 15022). Important continuum observation band between 410 MHz and 1.4 GHz allocations.,"Radio telescope receivers at NRAO Green Bank (WV), VLA (NM), university radio observatories",N/A (receive only),N/A (receive only — protection from interference),,"FCC 47 CFR 2.106; ITU-R RA.769; FCC Report and Order 39 FCC 844 (1963); FCC Order 53 FCC 2d 627 (1975, permanent reservation)",Channel 37 has been permanently reserved for radio astronomy since 1975. No TV broadcasting has ever been licensed on this channel. Co-primary with WMTS under carefully coordinated conditions.,True,CONFIRMED — FCC Part 95 Subpart H (47 CFR §95.1101-1129)
614,617,US,United States / ITU Region 2,600 MHz Guard Band,Shared,Guard band separating Channel 37 (WMTS/Radio Astronomy) from the 600 MHz mobile service downlink. Available for unlicensed wireless microphones and white space devices.,"Shure Axient Digital (J50 band: 572-636 MHz covers this range), Sennheiser EW-DX (R1-9: 520-607.8 MHz does not reach here; S1-10: 606.2-693.8 MHz covers it), unlicensed Part 15 TV band devices",Various (unlicensed/PMSE),Licensed Part 74 wireless microphones: 250 mW conducted; unlicensed operations limited per Part 15,,FCC 47 CFR Part 27 (600 MHz band plan); FCC 47 CFR Part 15; FCC Incentive Auction Report and Order (FCC 14-50); FCC 24-22 (2024 wireless mic order),The 614-617 MHz guard band was established after the 2017 incentive auction. No Part 27 licensed mobile operations are permitted here. The FCC allows unlicensed wireless microphone operations and other Part 15 devices in this 3 MHz guard band.,True,
617,652,US,United States / ITU Region 2,Mobile (600 MHz Downlink),Allocated,Band 71 / n71 downlink — 7 paired 5 MHz blocks (A-G). T-Mobile holds licenses for most of the 600 MHz band nationwide. Used for LTE (Band 71) and 5G NR (Band n71) downlink to mobile devices.,"T-Mobile 5G smartphones (Samsung Galaxy S-series, Apple iPhone 12+, Google Pixel 5+), T-Mobile 5G Home Internet gateway (Arcadyan KVD21), Nokia/Ericsson macro cell radios","LTE: OFDMA downlink (up to 256QAM); 5G NR: OFDMA (up to 256QAM), FDD mode",Base station: per FCC Part 27 rules; mobile devices: typically 200 mW (23 dBm) max UE transmit power (uplink band),,"FCC 47 CFR Part 27; 3GPP TS 36.101 (Band 71 LTE); 3GPP TS 38.101-1 (Band n71 NR); FCC Auction 1002 (600 MHz Forward Auction, 2017)",T-Mobile is the dominant licensee of Band 71 spectrum across the United States. The 600 MHz band provides excellent coverage (low frequency penetrates buildings well and travels far). T-Mobile deployed LTE Band 71 starting late 2017 and 5G NR Band n71 starting late 2019.,True,
652,663,US,United States / ITU Region 2,600 MHz Duplex Gap,Shared,11 MHz duplex gap separating 600 MHz downlink (617-652 MHz) from uplink (663-698 MHz). Available for wireless microphones (licensed Part 74 and unlicensed Part 15).,"Shure Axient Digital (K51 band: 606-670 MHz covers this range), Audio-Technica 5000 Series (DF1: 657-663 MHz portion), Sennheiser EW-DX (S1-10: 606.2-693.8 MHz covers this range)",Various (PMSE digital proprietary),Part 74 licensed wireless microphones: 20 mW EIRP; Part 15 unlicensed: lower limits apply,,FCC 47 CFR Part 27.5 (600 MHz band plan); FCC 47 CFR Part 74; FCC 24-22 (2024 wireless mic order); FCC 14-50 (Incentive Auction R&O),The 652-663 MHz duplex gap is NOT licensed for Part 27 mobile operations. The FCC permits wireless microphone use here with power limits lower than in the TV bands. The 20 mW EIRP limit in the duplex gap is significantly lower than the 250 mW in TV bands.,True,
663,698,US,United States / ITU Region 2,Mobile (600 MHz Uplink),Allocated,Band 71 / n71 uplink — 7 paired 5 MHz blocks (A-G). Mobile device transmit to base station. T-Mobile primary licensee.,"T-Mobile 5G smartphones (Samsung Galaxy S-series, Apple iPhone 12+, Google Pixel 5+), T-Mobile 5G Home Internet gateway","LTE: SC-FDMA uplink (up to 64QAM); 5G NR: DFT-s-OFDM or CP-OFDM uplink (up to 256QAM), FDD mode",Mobile device (UE): 23 dBm (200 mW) max transmit power per 3GPP,,FCC 47 CFR Part 27; 3GPP TS 36.101 (Band 71); 3GPP TS 38.101-1 (Band n71); FCC Auction 1002,Uplink portion of the 600 MHz FDD band. T-Mobile typically deploys 5+5 MHz or 10+10 MHz channel configurations depending on market. Some blocks remain held by smaller licensees in certain geographic areas.,True,
470,694,UK,Europe / ITU Region 1,Broadcasting (DTT),Allocated,"Freeview DVB-T and DVB-T2 digital terrestrial television — channels 21-48 (8 MHz each). 6 multiplexes: PSB1 (BBC), PSB2 (D3&4), PSB3 (BBC HD DVB-T2), COM4, COM5, COM6 (all DVB-T), plus local TV multiplex. Freeview HD uses DVB-T2.","Freeview Play set-top boxes (Humax Aura, Manhattan T3-R), Samsung/LG/Sony TVs with Freeview built-in, portable DVB-T/T2 USB tuners",DVB-T: COFDM 64QAM; DVB-T2: COFDM 256QAM (for HD/Freeview HD multiplexes),"High-power transmitters up to 200 kW ERP (e.g., Crystal Palace); medium-power relay transmitters 2-10 kW ERP; low-power gap-fillers 50-250 W ERP",8000,Ofcom UKFAT (UK Frequency Allocation Table); Wireless Telegraphy Act 2006; ITU GE06 Agreement; EU Decision 2017/899 (applied via retained EU law post-Brexit),The UK cleared the 700 MHz band (channels 49-60) in 2020 for 5G. Freeview now operates exclusively in channels 21-48 (470-694 MHz). The UK left the EU but Ofcom maintains compatible spectrum policy. Ofcom published a 2025 study on post-2034 UHF band future.,True,
470,694,UK,Europe / ITU Region 1,PMSE (Programme Making and Special Events),Secondary,Wireless microphones and in-ear monitors in TV white spaces (interleaved spectrum),"Shure Axient Digital AD4D (Band G56: 470-636 MHz), Sennheiser EW-DX (Q1-9: 470.2-550 MHz; R1-9: 520-607.8 MHz; S1-10: 606.2-693.8 MHz), Sennheiser EW-D (Q1-6: 470.2-526 MHz; R1-6: 520-576 MHz; R4-9: 552-607.8 MHz), Audio-Technica 5000 Series (DG1: 470-700 MHz)",Digital proprietary (various manufacturers),50 mW ERP (per Ofcom IR 2030 and ERC/REC 25-10); shared/licensed PMSE may get higher limits under Ofcom PMSE licence from Arqiva,,Ofcom IR 2030 (UK Interface Requirement); ERC/REC 25-10; ETSI EN 300 422; Ofcom PMSE licensing (managed by Arqiva on behalf of Ofcom),"UK PMSE users can operate licence-exempt at up to 50 mW ERP in available TV white space channels, or obtain a shared PMSE licence from Arqiva for specific events/venues. The 700 MHz clearance reduced available PMSE spectrum. Ofcom's PMSE framework is one of the most developed in Europe.",True,
694,703,UK,Europe / ITU Region 1,PMSE (700 MHz guard band),Allocated,Audio PMSE (wireless microphones) in the 694-703 MHz lower guard band. Ofcom allocated this band specifically for PMSE to compensate for spectrum lost in the 700 MHz clearance.,"Sennheiser EW-DX (S7-10: 662-693.8 MHz extends close), Shure Axient Digital (upper tuning ranges)",Digital proprietary,50 mW ERP,,Ofcom Statement: 'Spectrum for audio PMSE — Use of the 694 to 703 MHz band' (2018); ECC/DEC/(15)01; EU Decision 2016/687,"Ofcom confirmed availability of 694-703 MHz for audio PMSE in its 2018 statement. This is a dedicated PMSE allocation, not secondary to broadcasting. Provides 9 MHz of spectrum as partial replacement for PMSE capacity lost when channels 49-60 were cleared.",True,
470,694,DE,Europe / ITU Region 1,Broadcasting (DTT),Allocated,"DVB-T2 HD (freenet TV operated by Media Broadcast, plus ARD/ZDF public multiplexes) — channels 21-48 (8 MHz each). Germany completed DVB-T to DVB-T2 HD transition in 2019. All DTT is now DVB-T2 with HEVC (H.265) encoding.","freenet TV CI+ module, Samsung/LG/Panasonic TVs with DVB-T2 HD / freenet TV built-in, Xoro HRT 8730 DVB-T2 receiver","COFDM DVB-T2: 256QAM, 32k extended FFT, HEVC (H.265) video codec","High-power transmitters up to 50 kW ERP (e.g., Berlin Alexanderplatz); medium-power 1-10 kW ERP; low-power gap-fillers",8000,BNetzA (Bundesnetzagentur) Frequenzplan; ITU GE06 Agreement; EU Decision 2017/899; Telekommunikationsgesetz (TKG),Germany fully migrated to DVB-T2 HD by March 2019. The commercial freenet TV service (Media Broadcast) requires a CI+ module or compatible receiver for encrypted private channels. ARD/ZDF public channels are free-to-air in DVB-T2. The 470-694 MHz band is reserved for broadcasting and PMSE until 2030.,True,
470,694,DE,Europe / ITU Region 1,PMSE (Programme Making and Special Events),Secondary,Wireless microphones and in-ear monitors in TV white spaces,"Sennheiser EW-DX (Q1-9: 470.2-550 MHz; R1-9: 520-607.8 MHz; S1-10: 606.2-693.8 MHz), Shure Axient Digital (Band G56: 470-636 MHz), Beyerdynamic TG 1000 (470-789 MHz tuning range)",Digital proprietary,50 mW ERP (per BNetzA Allgemeinzuteilung Vfg. 91/2015 and ERC/REC 25-10),,BNetzA Allgemeinzuteilung Vfg. 91/2015; ERC/REC 25-10; ETSI EN 300 422,Germany issues general authorisation (Allgemeinzuteilung) for PMSE in TV white spaces at up to 50 mW ERP. Sennheiser (headquartered in Germany) and Beyerdynamic are major local manufacturers. Professional events may obtain individual frequency assignments from BNetzA for higher power.,True,
694,703,DE,Europe / ITU Region 1,PMSE (700 MHz guard band),Allocated,Audio PMSE (wireless microphones) in the 694-703 MHz lower guard band,"Sennheiser EW-DX, Shure Axient Digital (upper tuning ranges)",Digital proprietary,50 mW ERP,,BNetzA Frequenzplan; ECC/DEC/(15)01; EU Decision 2016/687,Germany allocated the 694-703 MHz guard band for PMSE use following the 700 MHz clearance. BNetzA confirmed allocation for event technology and broadcasting production.,True,
470,694,CN,China / ITU Region 3,Broadcasting (DTT),Allocated,"DTMB (Digital Terrestrial Multimedia Broadcast, GB 20600-2006) — digital terrestrial television in UHF band. 8 MHz channel bandwidth. Supports SD, HD, and mobile multimedia services simultaneously.","Hisense/TCL/Skyworth TVs with built-in DTMB tuner, various DTMB set-top boxes (domestic Chinese manufacturers), Rohde & Schwarz DTMB transmitters",TDS-OFDM (Time Domain Synchronous OFDM); single carrier or 3780 multicarrier; 4QAM/16QAM/64QAM constellation options; LDPC FEC,Varies by transmitter class; high-power stations up to 10-50 kW ERP; MIIT sets site-specific limits,8000,MIIT (Ministry of Industry and Information Technology) frequency allocation table; GB 20600-2006 (DTMB standard); SARFT/NRTA broadcasting regulations,"China uses its own DTMB standard (not DVB-T/T2 or ATSC). The 700 MHz band (694-790 MHz) was released for 5G in 2020, assigned to China Broadcasting Network (CBN). China's DTMB standard has also been adopted in several countries in Southeast Asia, Africa, and Latin America. The 470-694 MHz range continues for DTT.",True,
470,694,CN,China / ITU Region 3,PMSE (wireless microphones),Secondary,Wireless microphones in TV white spaces — less formally regulated than Europe/US; major events use professional equipment in UHF band,"Shure Axient Digital (various bands), Sennheiser EW-DX (various bands), domestic Chinese wireless mic brands (Takstar, BBS, Boya)",Digital proprietary (various manufacturers),MIIT regulations; generally low power (<50 mW) for unlicensed use; event-specific permits for higher power,,MIIT Radio Regulations; SRRC (State Radio Regulation of China) type approval requirements,China regulates wireless microphones through MIIT/SRRC. Equipment requires SRRC type approval (radio certification). The regulatory framework for PMSE is less detailed than in Europe or the US. Professional use at major venues/events typically requires coordination with local radio administration.,True,
470,694,RU,Russia / ITU Region 1,Broadcasting (DTT),Allocated,"DVB-T2 digital terrestrial television — two federal free-to-air multiplexes: RTRS-1 (first multiplex, 10 channels including Channel One, Russia-1, NTV) and RTRS-2 (second multiplex, 10 channels including REN TV, STS, Domashny). Operated by RTRS (Russian Television and Radio Broadcasting Network). Russia completed DVB-T2 transition and analogue switch-off in 2019.","BBK/Cadena/Selenga DVB-T2 set-top boxes, Samsung/LG TVs with DVB-T2 tuner, Russian-market IPTV/DVB-T2 hybrid receivers","COFDM DVB-T2: 64QAM or 256QAM, MPEG-4 AVC (H.264) video codec",Varies by transmitter; high-power stations up to 5-20 kW ERP; extensive relay network with low-power transmitters (10 W - 1 kW),8000,ГКРЧ (State Commission for Radio Frequencies) decisions; Russian frequency allocation table; Federal Law on Communications (No. 126-FZ); RTRS frequency-territorial plan,"Russia operates two federal DVB-T2 multiplexes (RTRS-1 and RTRS-2) that are free-to-air nationwide. Coverage reached 98.6% of population by 2024. A third multiplex exists in Moscow (TVK 34/578 MHz). Russia uses the 470-862 MHz range per ITU allocation but the 700 MHz band status differs from EU — no 700 MHz clearance for 5G has occurred as of 2025. Specific channel assignments vary by region (e.g., Moscow: RTRS-1 on ch.24/498 MHz, RTRS-2 on ch.30/546 MHz).",True,
470,694,RU,Russia / ITU Region 1,PMSE (wireless microphones),Secondary,Wireless microphones in TV white spaces — regulated under Russian radio frequency laws,"Shure Axient Digital, Sennheiser EW-DX, domestic brands; equipment requires Russian type approval (Declaration of Conformity)",Digital proprietary,Low power (<50 mW); specific limits set by Russian national regulations and ГКРЧ decisions,,ГКРЧ decisions; Russian Federal Communications Agency (Roskomnadzor) regulations; ERC/REC 25-10 (Russia is CEPT member),"Russia is a CEPT member and follows ERC/REC 25-10 framework for PMSE. However, national implementation may differ. Equipment requires Russian type approval. Professional event users often coordinate directly with territorial radio frequency authorities.",True,
694,700,RU,Russia / ITU Region 1,Broadcasting (DTT) — continued,Allocated,"DVB-T2 broadcasting continues above 694 MHz in Russia. Unlike the EU, Russia has NOT cleared the 700 MHz band for mobile/5G as of 2025.",Same as 470-694 MHz DTT devices,COFDM DVB-T2,Same as main DTT allocation,8000,ГКРЧ frequency allocation; ITU GE06 Agreement,Russia has not implemented the 700 MHz digital dividend for mobile broadband. TV broadcasting and other services may continue to use spectrum above 694 MHz. This is a significant difference from EU countries which all cleared 694-790 MHz for MFCN.,True,CONFIRMED — Russia has not cleared 700 MHz for mobile (DTT continues)
470,694,ES,Europe / ITU Region 1,Broadcasting (DTT),Allocated,"TDT (Televisión Digital Terrestre) — DVB-T with migration to DVB-T2 underway. 8 national multiplexes (RGE1, RGE2, MPE1-MPE5, MAUT) plus regional multiplexes. Channels 21-48 (8 MHz each). All broadcasts migrated to HD (MPEG-4) as of February 2024. Spain adopted new National Technical Plan for DVB-T2 with UHD in March 2025.","TDT-compatible receivers (Engel RT6130T2, Metronic DVB-T2 boxes), Samsung/LG/Sony TVs with DVB-T/T2 tuner, SPC Netzwerk DVB-T2 decoder",DVB-T: COFDM 64QAM (current); DVB-T2: COFDM 256QAM (rollout phase for UHD multiplex),High-power transmitters up to 20 kW ERP; medium-power 1-5 kW ERP; gap-filler network with low-power stations,8000,Plan Técnico Nacional de la TDT (Royal Decree); MITECO (Ministerio para la Transición Ecológica — manages spectrum); EU Decision 2017/899; ITU GE06 Agreement,"Spain completed 700 MHz clearance and refarming by 2020. All TDT now operates in 470-694 MHz. Spain completed HD migration (all channels in MPEG-4 H.264) in February 2024. A new National Technical Plan adopted in March 2025 introduces DVB-T2 for UHD, with one multiplex initially upgraded and phased rollout planned.",True,
470,694,ES,Europe / ITU Region 1,PMSE (Programme Making and Special Events),Secondary,Wireless microphones and in-ear monitors in TV white spaces,"Shure Axient Digital (Band G56: 470-636 MHz), Sennheiser EW-DX (Q1-9, R1-9, S1-10 bands), Audio-Technica 5000 Series",Digital proprietary,50 mW ERP (per ERC/REC 25-10 and Spanish national implementation),,CNAF (Cuadro Nacional de Atribución de Frecuencias); ERC/REC 25-10; ETSI EN 300 422; Secretaría de Estado de Telecomunicaciones,Spain implements ERC/REC 25-10 through the CNAF. PMSE operates in TV white spaces on a secondary non-interference basis. Professional event production companies can coordinate with spectrum authorities for specific frequency assignments.,True,
694,703,ES,Europe / ITU Region 1,PMSE (700 MHz guard band),Allocated,Audio PMSE in the 694-703 MHz lower guard band,"Sennheiser EW-DX, Shure Axient Digital (upper tuning ranges)",Digital proprietary,50 mW ERP,,CNAF; ECC/DEC/(15)01; EU Decision 2016/687,"Spain made the 694-703 MHz guard band available for PMSE following the 700 MHz clearance, consistent with the EU harmonised framework.",True,
470,694,IT,Europe / ITU Region 1,Broadcasting (DTT),Allocated,DVB-T2 HEVC digital terrestrial television — Italy completed switchover to DVB-T2 with HEVC (H.265) encoding by July 2022 (phased regionally from January 2022). Up to 12 national multiplexes planned by AGCOM. 40 Mbit/s per multiplex with DVB-T2 256QAM. Channels 21-48 (8 MHz each).,"Decoder DVB-T2 HEVC Main 10 (mandatory standard for Italian market), Samsung/LG/Sony/Panasonic TVs with DVB-T2 HEVC tuner, I-Can/Telesystem/Digiquest DVB-T2 set-top boxes","COFDM DVB-T2: 256QAM, HEVC Main 10 profile video codec (H.265)",High-power transmitters up to 50 kW ERP; medium and low-power relay sites throughout mountainous terrain,8000,AGCOM (Autorità per le Garanzie nelle Comunicazioni) multiplex plan; MISE (Ministero dello Sviluppo Economico) frequency plan; EU Decision 2017/899; ITU GE06 Agreement; Legislative Decree 8 November 2021 n. 208,"Italy completed a complex DVB-T2 switchover in 2022, one of the largest in Europe. The country has challenging terrain (Alps, Apennines) requiring extensive relay networks. Italy has more DTT multiplexes than most EU countries due to high DTT platform reliance (over 90% of Italian households use DTT). Private broadcasters (Mediaset, La7) and public RAI all transitioned to DVB-T2 HEVC.",True,
470,694,IT,Europe / ITU Region 1,PMSE (Programme Making and Special Events),Secondary,Wireless microphones and in-ear monitors in TV white spaces,"Shure Axient Digital (Band G56: 470-636 MHz), Sennheiser EW-DX (Q1-9, R1-9, S1-10 bands), Audio-Technica 5000 Series (DG1: 470-700 MHz)",Digital proprietary,50 mW ERP (per ERC/REC 25-10 and Italian MISE regulations),,MISE frequency allocation; ERC/REC 25-10; ETSI EN 300 422; AGCOM regulations,PMSE availability in Italy is more constrained than in some other EU countries due to the high number of DTT multiplexes occupying more channels. Fewer TV white space channels are typically available at any given location.,True,
694,703,IT,Europe / ITU Region 1,PMSE (700 MHz guard band),Allocated,Audio PMSE in the 694-703 MHz lower guard band,"Sennheiser EW-DX, Shure Axient Digital (upper tuning ranges)",Digital proprietary,50 mW ERP,,MISE frequency plan; ECC/DEC/(15)01; EU Decision 2016/687,Italy allocated the 694-703 MHz guard band for PMSE following the EU harmonised approach.,True,
470,694,CH,Europe / ITU Region 1 (non-EU),Broadcasting (DTT) — DISCONTINUED,Allocated,DTT was shut down in Switzerland in June 2019. SRG SSR (the Swiss public broadcaster) discontinued all over-the-air terrestrial TV transmission. The band remains allocated to broadcasting in the Swiss frequency plan but is not actively used for DTT.,"N/A — no active DTT service. Swiss consumers use cable (UPC/Sunrise), IPTV (Swisscom Blue TV), satellite, or streaming.",N/A (service discontinued),N/A (no active transmissions),8000,BAKOM (Bundesamt für Kommunikation / OFCOM Switzerland) National Frequency Allocation Plan 2022; ITU GE06 Agreement (Switzerland retains GE06 coordination rights),"CRITICAL: Switzerland is UNIQUE in Europe — it shut down DTT in June 2019. SRG SSR decided the platform was not economically viable given <2% DTT household penetration. The 470-694 MHz band remains formally allocated to broadcasting in the Swiss frequency plan and under GE06, but no DTT transmitters are operational. This makes the band potentially available for other uses (PMSE, 5G Broadcast trials, etc.) on a national basis without causing DTT interference. Switzerland is not an EU member but follows CEPT framework.",True,CONFIRMED — Switzerland (SRG SSR) shut down DTT terrestrial broadcasting June 2019
470,694,CH,Europe / ITU Region 1 (non-EU),PMSE (Programme Making and Special Events),Secondary,"Wireless microphones and in-ear monitors — with no active DTT, the entire 470-694 MHz band is effectively available for PMSE in Switzerland (subject to cross-border coordination with neighbouring countries' DTT)","Sennheiser EW-DX (full range Q1-9 through S7-10: 470.2-693.8 MHz), Shure Axient Digital (Band G56: 470-636 MHz), Audio-Technica 5000 Series (DG1: 470-700 MHz)",Digital proprietary,50 mW ERP (per BAKOM regulations and ERC/REC 25-10),,BAKOM frequency regulations; ERC/REC 25-10; ETSI EN 300 422; Swiss Radiocommunications Ordinance (FMG/VFR),"With no active DTT, Switzerland offers uniquely favourable conditions for PMSE in the 470-694 MHz band. However, cross-border coordination with France, Germany, Italy, and Austria is still required under GE06 — PMSE near borders must avoid channels used by neighbouring countries' DTT transmitters.",True,
694,703,CH,Europe / ITU Region 1 (non-EU),PMSE (700 MHz guard band),Allocated,Audio PMSE in the 694-703 MHz guard band,"Sennheiser EW-DX, Shure Axient Digital (upper tuning ranges)",Digital proprietary,50 mW ERP,,BAKOM frequency plan; ECC/DEC/(15)01,"Switzerland follows the CEPT harmonised approach for the 694-703 MHz guard band despite not being an EU member. With no DTT, this guard band is particularly useful for PMSE.",True,
608,614,FR,Europe / ITU Region 1,Broadcasting (DTT),Allocated,DVB-T/DVB-T2 — this is European UHF channel 38 (606-614 MHz in EU numbering). Used as a normal DTT channel in France. NOT allocated for WMTS (WMTS is US-only).,Standard DVB-T/T2 receivers (same as 470-694 MHz DTT),COFDM DVB-T: 64QAM; DVB-T2: 256QAM,Same as general DTT allocation (up to 20 kW ERP at high-power sites),8000,ANFR frequency plan; ITU GE06 Agreement,"CORRECTION: 608-614 MHz is NOT WMTS in Europe. It is simply UHF channel 38 (EU) used for normal DTT broadcasting. The WMTS service (608-614 MHz / TV Channel 37) exists ONLY in the United States under FCC Part 95 Subpart H. In Europe, medical telemetry uses different bands (e.g., MBAN at 2360-2400 MHz, or ISM bands). [FACTCHECK NOTE: European DVB-T channel 38 is 606-614 MHz (8 MHz wide). The 608-614 MHz boundary used here follows US Channel 37 boundaries.]",True,
608,614,DE,Europe / ITU Region 1,Broadcasting (DTT),Allocated,DVB-T2 HD — European UHF channel 38 (606-614 MHz). Normal DTT channel in Germany. NOT allocated for WMTS.,Standard DVB-T2 HD receivers (same as general DTT allocation),"COFDM DVB-T2: 256QAM, HEVC",Same as general DTT allocation,8000,BNetzA Frequenzplan; ITU GE06 Agreement,CORRECTION: 608-614 MHz is NOT WMTS in Germany. This is standard DTT channel 38. WMTS is a US-only allocation. [FACTCHECK NOTE: European DVB-T channel 38 is 606-614 MHz (8 MHz wide). The 608-614 MHz boundary used here follows US Channel 37 boundaries.],True,
608,614,UK,Europe / ITU Region 1,Broadcasting (DTT),Allocated,Freeview DVB-T/T2 — European UHF channel 38 (606-614 MHz). Normal DTT channel in the UK. NOT allocated for WMTS.,Standard Freeview DVB-T/T2 receivers,COFDM DVB-T: 64QAM or DVB-T2: 256QAM,Same as general DTT allocation,8000,Ofcom UKFAT; ITU GE06 Agreement,CORRECTION: 608-614 MHz is NOT WMTS in the UK. This is standard DTT channel 38. WMTS is a US-only allocation. [FACTCHECK NOTE: European DVB-T channel 38 is 606-614 MHz (8 MHz wide). The 608-614 MHz boundary used here follows US Channel 37 boundaries.],True,
608,614,ES,Europe / ITU Region 1,Broadcasting (DTT),Allocated,TDT DVB-T/T2 — European UHF channel 38 (606-614 MHz). Normal DTT channel in Spain. NOT allocated for WMTS.,Standard TDT DVB-T/T2 receivers,COFDM DVB-T: 64QAM; DVB-T2: 256QAM (rollout),Same as general DTT allocation,8000,CNAF; ITU GE06 Agreement,CORRECTION: 608-614 MHz is NOT WMTS in Spain. This is standard DTT channel 38. WMTS is a US-only allocation. [FACTCHECK NOTE: European DVB-T channel 38 is 606-614 MHz (8 MHz wide). The 608-614 MHz boundary used here follows US Channel 37 boundaries.],True,
608,614,IT,Europe / ITU Region 1,Broadcasting (DTT),Allocated,DVB-T2 HEVC — European UHF channel 38 (606-614 MHz). Normal DTT channel in Italy. NOT allocated for WMTS.,Standard DVB-T2 HEVC receivers,"COFDM DVB-T2: 256QAM, HEVC Main 10",Same as general DTT allocation,8000,MISE/AGCOM frequency plan; ITU GE06 Agreement,CORRECTION: 608-614 MHz is NOT WMTS in Italy. This is standard DTT channel 38. WMTS is a US-only allocation. [FACTCHECK NOTE: European DVB-T channel 38 is 606-614 MHz (8 MHz wide). The 608-614 MHz boundary used here follows US Channel 37 boundaries.],True,
608,614,CH,Europe / ITU Region 1 (non-EU),Broadcasting (DTT) — DISCONTINUED,Allocated,European UHF channel 38 (606-614 MHz). Allocated to broadcasting but not actively used since DTT shutdown in 2019. NOT allocated for WMTS.,N/A (no active service),N/A,N/A,8000,BAKOM frequency plan; ITU GE06 Agreement,"CORRECTION: 608-614 MHz is NOT WMTS in Switzerland. With DTT shut down, this channel is unused but remains in the broadcasting allocation. WMTS is a US-only service. [FACTCHECK NOTE: European DVB-T channel 38 is 606-614 MHz (8 MHz wide). The 608-614 MHz boundary used here follows US Channel 37 boundaries.]",True,
608,614,CN,China / ITU Region 3,Broadcasting (DTT),Allocated,DTMB digital terrestrial television — normal UHF channel. NOT allocated for WMTS (WMTS is US-only).,Standard DTMB receivers,TDS-OFDM (DTMB),Same as general DTMB DTT allocation,8000,MIIT frequency allocation; GB 20600-2006,CORRECTION: 608-614 MHz is NOT WMTS in China. China does not have a WMTS service. This is a normal DTMB broadcast channel. WMTS is a US-only allocation under FCC Part 95 Subpart H. [FACTCHECK NOTE: European DVB-T channel 38 is 606-614 MHz (8 MHz wide). The 608-614 MHz boundary used here follows US Channel 37 boundaries.],True,
608,614,RU,Russia / ITU Region 1,Broadcasting (DTT),Allocated,DVB-T2 digital terrestrial television — normal UHF channel (channel 38 in European numbering). NOT allocated for WMTS.,Standard DVB-T2 receivers,COFDM DVB-T2,Same as general DTT allocation,8000,ГКРЧ frequency allocation; ITU GE06 Agreement,CORRECTION: 608-614 MHz is NOT WMTS in Russia. Russia does not have a WMTS service. This is a normal DVB-T2 broadcast channel. WMTS is a US-only allocation. [FACTCHECK NOTE: European DVB-T channel 38 is 606-614 MHz (8 MHz wide). The 608-614 MHz boundary used here follows US Channel 37 boundaries.],True,
470,694,FR,Europe / ITU Region 1,5G Broadcast (potential future use),Secondary,5G Broadcast (3GPP LTE-Based 5G Broadcast / FeMBMS) can operate in 470-694 MHz alongside DTT and PMSE without regulatory changes. Trials conducted in multiple European countries.,"Qualcomm Snapdragon X55/X65 modem platforms (5G Broadcast capable), Rohde & Schwarz 5G Broadcast transmitters",OFDM (3GPP Release 16/17 FeMBMS: SC-PTM or MBSFN),Subject to GE06 coordination limits (same as DTT),8000,3GPP TS 36.440 (MBMS); EBU TR 064 (compatibility study); CEPT ECC studies; EU Decision 2017/899 (secondary mobile allocation from WRC-23),"Following WRC-23, a secondary allocation to mobile was agreed for 470-694 MHz in ITU Region 1. 5G Broadcast is designed to coexist with DTT using the same channel plan. This is a forward-looking allocation — no commercial 5G Broadcast deployments in 470-694 MHz as of 2025, only trials (e.g., France, Germany, Austria). EU review of the band is planned for 2025.",True,
470,534,US,United States / ITU Region 2,PMSE — Shure Band G50,Secondary,Shure Axient Digital / ULX-D / QLX-D wireless microphone systems — Band G50 (470-534 MHz). Covers US TV channels 14-20.,"Shure Axient Digital AD4D/AD4Q receivers (G50), Shure ULX-D ULXD4 (G50), Shure QLX-D QLXD4 (G50), Shure AD1/AD2/ADX1/ADX2 transmitters (G50)","Shure proprietary digital (Axient Digital: 24-bit/48 kHz, AES-256 encryption option)",Part 74 licensed: 250 mW conducted; Part 15 unlicensed: 50 mW,,FCC 47 CFR Part 74 Subpart H; FCC Part 15,Shure Band G50 (470-534 MHz) covers the lower portion of the US UHF TV band. This is one of the most popular band choices for professional wireless microphone systems in the US. The 64 MHz tuning range allows simultaneous operation of many channels.,True,
470,636,US,United States / ITU Region 2,PMSE — Shure Band G56,Secondary,Shure Axient Digital wireless microphone systems — Band G56 (470-636 MHz). Wide-band tuning covering US TV channels 14-38 and into the 600 MHz guard band/duplex gap.,"Shure Axient Digital AD4D/AD4Q receivers (G56), Shure ADX1/ADX2 transmitters (G56)","Shure proprietary digital (24-bit/48 kHz, AES-256 encryption option)",Part 74 licensed: 250 mW conducted (TV band portion); 20 mW EIRP (600 MHz duplex gap portion),,FCC 47 CFR Part 74 Subpart H; FCC Part 15; FCC 24-22,"CORRECTION from prompt: Shure Band G56 covers 470-636 MHz (NOT 470-558 MHz as stated in the prompt). This is a 166 MHz wideband tuning range, the widest Shure band in this frequency region, designed primarily for Axient Digital. It extends above the TV band (608 MHz) into the 600 MHz guard band and duplex gap, where different power limits apply.",True,
534,598,US,United States / ITU Region 2,PMSE — Shure Band H50,Secondary,Shure Axient Digital / ULX-D / QLX-D wireless microphone systems — Band H50 (534-598 MHz). Covers US TV channels 24-34.,"Shure Axient Digital AD4D/AD4Q receivers (H50), Shure ULX-D ULXD4 (H50), Shure QLX-D QLXD4 (H50)",Shure proprietary digital,Part 74 licensed: 250 mW conducted; Part 15 unlicensed: 50 mW,,FCC 47 CFR Part 74 Subpart H; FCC Part 15,Shure Band H50 (534-598 MHz) covers the middle portion of the US UHF TV band. Popular choice for markets where the lower and upper TV channels are heavily occupied.,True,
572,636,US,United States / ITU Region 2,PMSE — Shure Band J50,Secondary,Shure Axient Digital / ULX-D / QLX-D wireless microphone systems — Band J50 (572-636 MHz). Covers US TV channels 31-38 and extends into 600 MHz guard band.,"Shure Axient Digital AD4D/AD4Q receivers (J50), Shure ULX-D ULXD4 (J50)",Shure proprietary digital,Part 74 licensed: 250 mW conducted (TV band); 20 mW EIRP (duplex gap portion above 608 MHz),,FCC 47 CFR Part 74 Subpart H; FCC Part 15; FCC 24-22,"Shure Band J50 (572-636 MHz) straddles the TV band / 600 MHz boundary. Above 608 MHz, operation enters the 600 MHz guard band and duplex gap where different (lower) power limits apply. Users must avoid Channel 37 (608-614 MHz) for WMTS/Radio Astronomy protection.",True,
606,670,US,United States / ITU Region 2,PMSE — Shure Band K51,Secondary,"Shure Axient Digital / ULX-D wireless microphone systems — Band K51 (606-670 MHz). Operates primarily in the 600 MHz guard band, duplex gap, and lower uplink portion.","Shure Axient Digital AD4D/AD4Q receivers (K51), Shure ULX-D ULXD4 (K51)",Shure proprietary digital,20 mW EIRP in duplex gap (652-663 MHz); TV band portion subject to Part 74 rules; uplink band (663+ MHz) requires coordination,,FCC 47 CFR Part 74; FCC Part 15; FCC 24-22; FCC Part 27 (600 MHz service band),"Shure Band K51 (606-670 MHz) is designed for the post-incentive-auction spectrum landscape. This band mostly operates in the 600 MHz guard band (614-617 MHz), duplex gap (652-663 MHz), and edges. Users must carefully coordinate to avoid the licensed 600 MHz service uplink (663-698 MHz) and Channel 37 (608-614 MHz). Power limits vary by sub-band.",True,
470.2,550,US,United States / ITU Region 2,PMSE — Sennheiser EW-DX Band Q1-9,Secondary,Sennheiser EW-DX wireless microphone system — Band Q1-9 (470.2-550 MHz). Covers US TV channels 14-27.,"Sennheiser EW-DX EM 2 receiver (Q1-9), Sennheiser EW-DX EM 4 Dante receiver (Q1-9), Sennheiser EW-DX SK/SKM transmitters (Q1-9)",Sennheiser proprietary digital,Part 74 licensed: 250 mW conducted; Part 15 unlicensed: 50 mW,,FCC 47 CFR Part 74 Subpart H; FCC Part 15,Sennheiser EW-DX Q1-9 band (470.2-550 MHz) covers the lower UHF TV band. The EW-DX system supports up to 146 channels in this tuning range with automatic frequency coordination via Sennheiser Control Cockpit software.,True,
520,607.8,US,United States / ITU Region 2,PMSE — Sennheiser EW-DX Band R1-9,Secondary,Sennheiser EW-DX wireless microphone system — Band R1-9 (520-607.8 MHz). Covers US TV channels 22-36.,"Sennheiser EW-DX EM 2 receiver (R1-9), Sennheiser EW-DX EM 4 Dante receiver (R1-9), Sennheiser EW-DX SK/SKM transmitters (R1-9)",Sennheiser proprietary digital,Part 74 licensed: 250 mW conducted; Part 15 unlicensed: 50 mW,,FCC 47 CFR Part 74 Subpart H; FCC Part 15,Sennheiser EW-DX R1-9 band (520-607.8 MHz) covers the middle-to-upper UHF TV band. Stays below the 608 MHz boundary to remain entirely within the TV broadcast spectrum.,True,
606.2,693.8,US,United States / ITU Region 2,PMSE — Sennheiser EW-DX Band S1-10,Secondary,"Sennheiser EW-DX wireless microphone system — Band S1-10 (606.2-693.8 MHz). Spans the 600 MHz service boundary — covers TV channel 36, Channel 37, guard band, duplex gap, and into uplink band.","Sennheiser EW-DX EM 2 receiver (S1-10), Sennheiser EW-DX EM 4 Dante receiver (S1-10)",Sennheiser proprietary digital,"Varies by sub-band: TV band 250 mW conducted, duplex gap 20 mW EIRP, guard band per Part 15 limits",,FCC 47 CFR Part 74; FCC Part 15; FCC Part 27; FCC 24-22,"Sennheiser EW-DX S1-10 (606.2-693.8 MHz) spans the complex post-incentive-auction spectrum. Users must carefully frequency-coordinate to avoid Channel 37 (608-614 MHz, WMTS/Radio Astronomy), the licensed 600 MHz service bands (617-652 downlink, 663-698 uplink), and respect varying power limits across sub-bands. The Sennheiser frequency management software assists with this coordination.",True,
470.2,526,DE,Europe / ITU Region 1,PMSE — Sennheiser EW-D Band Q1-6,Secondary,Sennheiser EW-D wireless microphone system — Band Q1-6 (470.2-526 MHz). Covers European UHF channels 21-27.,"Sennheiser EW-D EM receiver (Q1-6), Sennheiser EW-D SK bodypack transmitter (Q1-6), Sennheiser EW-D SKM-S handheld transmitter (Q1-6)",Sennheiser proprietary digital,50 mW ERP (per BNetzA Allgemeinzuteilung and ERC/REC 25-10),,BNetzA Allgemeinzuteilung; ERC/REC 25-10; ETSI EN 300 422,"The Sennheiser EW-D Q1-6 band is designed for the European market where 8 MHz TV channels start at 470 MHz. Available throughout CEPT countries including DE, FR, UK, ES, IT, CH. Sennheiser, headquartered in Wedemark, Germany, designs these bands specifically for European TV channel plans.",True,
520,576,DE,Europe / ITU Region 1,PMSE — Sennheiser EW-D Band R1-6,Secondary,Sennheiser EW-D wireless microphone system — Band R1-6 (520-576 MHz). Covers European UHF channels 27-34.,"Sennheiser EW-D EM receiver (R1-6), Sennheiser EW-D SK bodypack transmitter (R1-6)",Sennheiser proprietary digital,50 mW ERP,,BNetzA Allgemeinzuteilung; ERC/REC 25-10; ETSI EN 300 422,Sennheiser EW-D R1-6 (520-576 MHz) covers the middle UHF TV band. Overlaps partially with Q1-6 in the 520-526 MHz range.,True,
552,607.8,DE,Europe / ITU Region 1,PMSE — Sennheiser EW-D Band R4-9,Secondary,Sennheiser EW-D wireless microphone system — Band R4-9 (552-607.8 MHz). Covers European UHF channels 31-37.,"Sennheiser EW-D EM receiver (R4-9), Sennheiser EW-D SK bodypack transmitter (R4-9)",Sennheiser proprietary digital,50 mW ERP,,BNetzA Allgemeinzuteilung; ERC/REC 25-10; ETSI EN 300 422,Sennheiser EW-D R4-9 (552-607.8 MHz) covers the upper-middle UHF TV band. Extends to just below channel 38 (606-614 MHz).,True,
470,558,DE,Europe / ITU Region 1,PMSE — Sennheiser G4 Band Aw+,Secondary,Sennheiser evolution wireless G4 (ew 300/500 G4) — Band Aw+ (470-558 MHz). Previous-generation system still widely deployed. Covers European UHF channels 21-31.,"Sennheiser ew 500 G4 receiver (Aw+), Sennheiser ew 300 G4 bodypack/handheld (Aw+)","Analog FM (compander: Sennheiser HDX) — G4 is an analog system, unlike the digital EW-D/EW-DX",50 mW ERP (30 mW or 50 mW selectable on transmitter),,BNetzA Allgemeinzuteilung; ERC/REC 25-10; ETSI EN 300 422,"The Sennheiser G4 Band Aw+ (470-558 MHz) is from the analog evolution wireless G4 series. The 'Aw+' band designation is specific to the ew G4 series. Still widely used in live sound, theatre, and houses of worship. Being replaced by digital EW-D and EW-DX systems.",True,
626,698,DE,Europe / ITU Region 1,PMSE — Sennheiser G4 Band Bw,Secondary,Sennheiser evolution wireless G4 (ew 300/500 G4) — Band Bw (626-698 MHz). Covers European UHF channels 40-48 plus guard band.,"Sennheiser ew 500 G4 receiver (Bw), Sennheiser ew 300 G4 bodypack/handheld (Bw)",Analog FM (compander: Sennheiser HDX),50 mW ERP,,BNetzA Allgemeinzuteilung; ERC/REC 25-10; ETSI EN 300 422,Sennheiser G4 Band Bw (626-698 MHz) covers the upper UHF TV band. The upper edge (694-698 MHz) extends into the 700 MHz guard band. Users must be aware that frequencies above 694 MHz may have different regulatory status in some countries. This band designation is from the analog G4 series.,True,
470,608,US,United States / ITU Region 2,PMSE — Audio-Technica 5000 Series Band DF1,Secondary,Audio-Technica 5000 Series (3rd generation) wireless microphone system — Band DF1: 470-608 MHz (main range) + 657-663 MHz (duplex gap portion). 144 MHz total tuning bandwidth.,"Audio-Technica AEW-R5200 receiver (DF1), AEW-T5400/T5300 handheld transmitters (DE1/EF2 sub-bands), AEW-T1000 bodypack (DE1/EF2)",Audio-Technica proprietary digital (24-bit/48 kHz),Part 74 licensed: 250 mW conducted (TV band); 20 mW EIRP (duplex gap portion 657-663 MHz),,FCC 47 CFR Part 74 Subpart H; FCC Part 15,"The Audio-Technica 5000 Series DF1 band is designed for the US market. It combines the main TV band (470-608 MHz) with a portion of the 600 MHz duplex gap (657-663 MHz). Transmitters are split into DE1 (470-590 MHz) and EF2 (580-608 MHz, 657-663 MHz) sub-bands.",True,
470,700,DE,Europe / ITU Region 1,PMSE — Audio-Technica 5000 Series Band DG1,Secondary,Audio-Technica 5000 Series (3rd generation) wireless microphone system — Band DG1: 470-700 MHz. 230 MHz wideband tuning for European markets.,"Audio-Technica AEW-R5200 receiver (DG1), AEW-T5400/T5300 handheld transmitters (DG1)",Audio-Technica proprietary digital,50 mW ERP (per ERC/REC 25-10),,BNetzA Allgemeinzuteilung; ERC/REC 25-10; ETSI EN 300 422,"The Audio-Technica 5000 Series DG1 band (470-700 MHz) is designed for the European market, covering the entire post-refarming DTT band plus the guard band up to 700 MHz. This is the widest tuning range available for UHF wireless microphones in Europe.",True,
694,700,CN,China / ITU Region 3,Mobile (5G),Allocated,Part of the 700 MHz band allocated to China Broadcasting Network (CBN / China Broadnet) for 5G. CBN partnered with China Mobile for joint 700 MHz 5G network deployment.,"5G smartphones with Band n28 support, China Mobile/CBN 5G base stations","5G NR: OFDMA (FDD), up to 256QAM",Per MIIT regulations; base stations per 3GPP specifications,,MIIT frequency allocation (April 2020); 3GPP TS 38.101-1 (Band n28); CBN 5G licence (June 2019),"China released the 700 MHz band for 5G in 2020, allocated to China Broadnet (the fourth mobile operator). CBN partners with China Mobile for shared 700 MHz 5G infrastructure. The specific sub-bands within 694-790 MHz follow the APT700 band plan (FDD: 703-748/758-803 MHz), so 694-703 MHz may serve as a guard band similar to Europe.",True,
698,703,US,ITU Region 2,MOBILE (LTE/5G NR),Allocated,Lower 700 MHz A Block guard band; previously analog TV channels 52-53; cleared post-DTV transition,N/A (guard band),N/A,N/A,,FCC 47 CFR 27.5; Third Report and Order FCC 07-72,This 5 MHz segment serves as a guard between TV Channel 51 (698 MHz edge) and the lower 700 MHz mobile blocks. US-specific layout.,True,
699,716,US,ITU Region 2,MOBILE (LTE Band 12 Uplink),Allocated,"3GPP Band 12 FDD uplink (paired with 729-746 MHz downlink); T-Mobile (formerly USCellular licenses), AT&T","iPhone 12-16, Samsung Galaxy S21-S25, Google Pixel 7-9, T-Mobile 5G Home Internet gateway (Arcadyan KVD21)",OFDMA (LTE/NR uplink: SC-FDMA / CP-OFDM),UE max 23 dBm (200 mW); eNB/gNB site-specific per FCC license,5000,FCC 47 CFR Part 27 Subpart H; 3GPP TS 36.101 Band 12,Band 12 (699-716/729-746) is the full allocation. Band 17 (704-716/734-746) is a subset used by AT&T. Band 12 devices are backwards compatible with Band 17 networks.,True,
703,733,FR,ITU Region 1 (EU),MOBILE (LTE/5G NR Band 28 Uplink),Allocated,"3GPP Band 28 FDD uplink (paired with 758-788 MHz DL); APT/EU 700 MHz plan. Operators: Orange 2x10 MHz, Bouygues Telecom 2x10 MHz, Free Mobile 2x5 MHz, SFR 2x5 MHz. Auctioned Nov 2015 by ARCEP.","iPhone 12-16, Samsung Galaxy S21-S25, Google Pixel 8/9, Xiaomi 14, OnePlus 12","OFDMA (LTE: SC-FDMA UL, OFDM DL; 5G NR: CP-OFDM)",UE max 23 dBm (200 mW); BTS per ARCEP license conditions,5000,ARCEP Decision 2015-1583; ECC Decision (15)01; EU Decision 2016/687; 3GPP TS 36.101 Band 28,"France was among the first EU countries to award 700 MHz. Cleared from DTT in 2019. Used for 4G LTE coverage extension and increasingly 5G NR n28. [FACTCHECK CORRECTION: ARCEP Dec 2015 auction: Free Mobile=2x5 MHz, Bouygues Telecom=2x10 MHz, Orange=2x10 MHz, SFR=2x5 MHz. Verify exact lot allocations.]",True,
703,733,DE,ITU Region 1 (EU),MOBILE (LTE/5G NR Band 28 Uplink),Allocated,"3GPP Band 28 FDD uplink; Operators: Telekom 2x10 MHz, Vodafone 2x10 MHz, Telefonica (O2) 2x10 MHz. Auctioned June 2015 by BNetzA (Auction 2015, 'Projekt 2016').","iPhone 12-16, Samsung Galaxy S21-S25, Google Pixel 8/9, Xiaomi 14",OFDMA (LTE SC-FDMA UL; 5G NR CP-OFDM),UE max 23 dBm; BTS per BNetzA license,5000,BNetzA Frequenzzuteilungsurkunde 2015; ECC Decision (15)01; 3GPP TS 36.101 Band 28,Germany auctioned 700 MHz in June 2015 alongside 900/1800 MHz. DTT cleared by mid-2019. Coverage obligations attached to licenses (98% population by 2023).,True,
703,733,UK,ITU Region 1,MOBILE (LTE/5G NR Band 28 Uplink),Allocated,"3GPP Band 28 FDD uplink; Operators: EE (BT) 2x10 MHz, Three 2x10 MHz, O2/VMO2 2x10 MHz. Auctioned March 2021 by Ofcom alongside 3.6 GHz.","iPhone 12-16, Samsung Galaxy S21-S25, Google Pixel 8/9",OFDMA (LTE/5G NR),UE max 23 dBm; BTS per Ofcom license,5000,Ofcom Statement 'Award of 700 MHz and 3.6-3.8 GHz' March 2021; UK SI 2021 No. 365; 3GPP TS 36.101 Band 28,UK 700 MHz was cleared from DTT (Freeview) by 2020. [FACTCHECK CORRECTED] O2/VMO2 (Telefónica UK) DID acquire 2x10 MHz at 700 MHz in March 2021 Ofcom auction. Vodafone did NOT win 700 MHz. EE and Three deploying for 5G NR n28 coverage layer.,True,
703,733,IT,ITU Region 1 (EU),MOBILE (LTE/5G NR Band 28 Uplink),Allocated,"3GPP Band 28 FDD uplink; Operators: TIM 2x10 MHz, Vodafone 2x5 MHz, Wind Tre 2x5 MHz, Iliad 2x10 MHz. Auctioned October 2018 by MISE/AGCOM.","iPhone 12-16, Samsung Galaxy S21-S25, Google Pixel 8/9, Xiaomi 14",OFDMA (LTE/5G NR),UE max 23 dBm; BTS per AGCOM license,5000,AGCOM Delibera 231/18/CONS; MISE Decree 2018; ECC Decision (15)01; 3GPP Band 28,Italy auctioned 700 MHz together with 3.6-3.8 GHz and 26 GHz for 5G in 2018. DTT migration completed by July 2022 (switch to DVB-T2 HEVC).,True,
703,733,ES,ITU Region 1 (EU),MOBILE (LTE/5G NR Band 28 Uplink),Allocated,"3GPP Band 28 FDD uplink; Operators: Movistar (Telefonica) 2x10 MHz, Orange 2x10 MHz, Vodafone 2x10 MHz. Auctioned July 2021 by MITECO/SETSI.","iPhone 12-16, Samsung Galaxy S21-S25, Google Pixel 8/9",OFDMA (LTE/5G NR),UE max 23 dBm; BTS per CNMC/SETSI license,5000,CNAF UN-128; Real Decreto 391/2019; ECC Decision (15)01; 3GPP Band 28,Spain auctioned 700 MHz in July 2021 after DTT clearance. MasMovil did not acquire 700 MHz spectrum directly but may use via national roaming. Used for rural coverage.,True,
703,733,CH,"ITU Region 1 (CEPT, non-EU)",MOBILE (LTE/5G NR Band 28 Uplink),Allocated,"3GPP Band 28 FDD uplink; Operators: Swisscom 2x10 MHz, Sunrise 2x10 MHz, Salt 2x10 MHz. Auctioned February 2019 by ComCom.","iPhone 12-16, Samsung Galaxy S21-S25, Google Pixel 8/9",OFDMA (LTE/5G NR),UE max 23 dBm; BTS per BAKOM/ComCom license; NISV exposure limits apply,5000,ComCom auction decision Feb 2019; BAKOM NFAP; ECC Decision (15)01; 3GPP Band 28,"Switzerland auctioned 700 MHz alongside 1400 MHz and 3.5 GHz in Feb 2019. Swiss NISV radiation limits are stricter than ICNIRP, affecting deployment density.",True,
703,733,CN,ITU Region 3,MOBILE (5G NR Band n28),Allocated,"3GPP Band n28 FDD uplink for 5G NR; allocated to China Broadnet (CBN / China Broadcasting Network, the 4th operator) in 2020. Joint 5G network with China Mobile.","Huawei Mate 60 Pro, Xiaomi 14, OPPO Find X7, Samsung Galaxy S24 (CN variant)",CP-OFDM (5G NR),UE max 23 dBm; BTS per MIIT license,5000,MIIT Radio Administration Bureau allocation 2020; 3GPP TS 38.101-1 Band n28,China Broadnet (CBN) received the 700 MHz band for nationwide 5G coverage. This is the 'golden band' for indoor penetration and rural coverage. CBN partners with China Mobile for shared RAN.,True,
703,733,RU,ITU Region 1,MOBILE (planned LTE/5G Band 28 Uplink),Allocated,Band 28 identified for IMT but not yet widely deployed. Spectrum held by RTRS (Russian Television and Radio Broadcasting Network) for DTT. GSMA/MNOs lobbying for release.,Not yet deployed; future devices TBD,OFDMA (planned),TBD per Roskomnadzor/SCRF license,5000,SCRF (State Commission for Radio Frequencies) Decision; GSMA 700 MHz roadmap; ITU WRC-15 Resolution 233,Russia has identified 694-790 MHz for IMT (WRC-15) but DTT clearance has not been completed. Military and DTT incumbents remain. Expected post-2025 deployment.,True,
704,716,US,ITU Region 2,MOBILE (LTE Band 17 Uplink),Allocated,3GPP Band 17 FDD uplink (paired with 734-746 MHz DL); subset of Band 12. Primarily AT&T. Band 17 was created as a subset to avoid interference with adjacent public safety spectrum.,"iPhone 5-16, Samsung Galaxy S4-S25, older AT&T LTE devices",OFDMA (LTE SC-FDMA UL),UE max 23 dBm; eNB per FCC license,5000,FCC 47 CFR Part 27; 3GPP TS 36.101 Band 17,"Band 17 is a legacy subset of Band 12, created for AT&T. Modern devices support full Band 12 which encompasses Band 17. AT&T has since refarmed to Band 12/14.",True,
729,746,US,ITU Region 2,MOBILE (LTE Band 12 Downlink),Allocated,3GPP Band 12 FDD downlink (paired with 699-716 MHz UL); T-Mobile primary holder. Also includes Band 17 DL (734-746).,"iPhone 12-16, Samsung Galaxy S21-S25, Google Pixel 7-9, T-Mobile 5G Home Internet",OFDMA (LTE OFDM DL),eNB per FCC license; typical 46 dBm EIRP,5000,FCC 47 CFR Part 27 Subpart H; 3GPP TS 36.101 Band 12,Band 12 downlink. T-Mobile uses this as a primary low-band LTE coverage layer. Good building penetration.,True,
733,758,FR,ITU Region 1 (EU),MOBILE (Duplex Gap / SDL Band 67),Secondary,700 MHz duplex gap. 738-758 MHz identified for Supplementary Downlink (SDL) Band 67 by 3GPP. Not yet deployed in France. Guard band otherwise.,No commercial devices deployed for Band 67 SDL in FR,"OFDM (SDL downlink only, if deployed)",N/A (not deployed),,ECC Decision (15)01; 3GPP TS 36.101 Band 67 (SDL),The 733-758 MHz duplex gap between Band 28 UL and DL is partly identified for SDL use (738-758 MHz as Band 67). No EU country has commercially deployed SDL here as of 2025. [FACTCHECK CORRECTION: ECC Decision (14)02 covers 800 MHz duplex gap. Correct ref for 700 MHz band plan is ECC Decision (15)01.],True,
733,758,DE,ITU Region 1 (EU),MOBILE (Duplex Gap / SDL Band 67),Secondary,700 MHz duplex gap. SDL Band 67 identified but not deployed.,N/A,N/A,N/A,,ECC Decision (15)01; BNetzA NFAP,Guard band / duplex gap. SDL Band 67 (738-758 MHz) identified by 3GPP but no deployment in Germany. [FACTCHECK CORRECTION: ECC Decision (14)02 covers 800 MHz duplex gap. Correct ref for 700 MHz band plan is ECC Decision (15)01.],True,
733,758,UK,ITU Region 1,MOBILE (Duplex Gap / SDL Band 67),Secondary,700 MHz duplex gap. SDL Band 67 identified but not deployed.,N/A,N/A,N/A,,Ofcom UKFAT; ECC Decision (15)01,Guard band / duplex gap. Ofcom has considered SDL in the duplex gap but no commercial deployment. [FACTCHECK CORRECTION: ECC Decision (14)02 covers 800 MHz duplex gap. Correct ref for 700 MHz band plan is ECC Decision (15)01.],True,
733,758,IT,ITU Region 1 (EU),MOBILE (Duplex Gap / SDL Band 67),Secondary,700 MHz duplex gap. Not deployed.,N/A,N/A,N/A,,ECC Decision (15)01; MIMIT Piano Nazionale Frequenze,"Duplex gap, no SDL deployment in Italy. [FACTCHECK CORRECTION: ECC Decision (14)02 covers 800 MHz duplex gap. Correct ref for 700 MHz band plan is ECC Decision (15)01.]",True,
733,758,ES,ITU Region 1 (EU),MOBILE (Duplex Gap / SDL Band 67),Secondary,700 MHz duplex gap. Not deployed.,N/A,N/A,N/A,,ECC Decision (15)01; CNAF,"Duplex gap, no SDL deployment in Spain. [FACTCHECK CORRECTION: ECC Decision (14)02 covers 800 MHz duplex gap. Correct ref for 700 MHz band plan is ECC Decision (15)01.]",True,
733,758,CH,ITU Region 1 (CEPT),MOBILE (Duplex Gap / SDL Band 67),Secondary,700 MHz duplex gap. Not deployed.,N/A,N/A,N/A,,ECC Decision (15)01; BAKOM NFAP,"Duplex gap, no SDL deployment in Switzerland. [FACTCHECK CORRECTION: ECC Decision (14)02 covers 800 MHz duplex gap. Correct ref for 700 MHz band plan is ECC Decision (15)01.]",True,
733,758,CN,ITU Region 3,MOBILE (Duplex Gap),Secondary,Duplex gap for Band 28. Not allocated for additional services in China.,N/A,N/A,N/A,,MIIT Radio Regulations,Guard band between Band n28 UL and DL in China.,True,
733,758,RU,ITU Region 1,BROADCASTING (DTT) / Guard,Allocated,Still used for DTT (RTRS multiplex) in Russia. Not cleared for mobile.,"DVB-T2 receivers, set-top boxes",DVB-T2 COFDM,DTT transmitter power per RTRS license,8000,SCRF Table of Frequency Allocations; RTRS DTT plan,Russia has not cleared 700 MHz from DTT. This segment remains broadcast in most regions.,True,
746,756,US,ITU Region 2,MOBILE (LTE Band 13 Uplink),Allocated,3GPP Band 13 FDD uplink (paired with 777-787 MHz DL); Verizon Wireless primary licensee. Upper 700 MHz C Block.,"iPhone 12-16, Samsung Galaxy S21-S25, Google Pixel 7-9, Verizon Jetpack MiFi 8800L",OFDMA (LTE SC-FDMA UL),UE max 23 dBm; eNB per FCC license,10000,FCC 47 CFR Part 27 Subpart I; FCC 08-4 (Upper 700 MHz C Block rules); 3GPP TS 36.101 Band 13,Band 13 is Verizon's foundational LTE band. The Upper 700 MHz C Block comes with open-access requirements (FCC 08-4). Verizon deploys 10 MHz FDD nationwide.,True,
758,768,US,ITU Region 2,MOBILE (LTE Band 14 Uplink / FirstNet),Allocated,3GPP Band 14 FDD uplink (paired with 788-798 MHz DL); FirstNet (First Responder Network Authority) public safety broadband. Operated by AT&T under 25-year contract.,"FirstNet-capable devices: Samsung Galaxy XCover6 Pro, Sonim XP8, iPhone 12-16 (FirstNet-certified), FirstNet-ready Cradlepoint routers",OFDMA (LTE SC-FDMA UL; 5G NR planned),UE max 23 dBm; eNB per FirstNet/AT&T license,10000,Middle Class Tax Relief and Job Creation Act of 2012 (Public Law 112-96); FCC 47 CFR Part 27; 3GPP TS 36.101 Band 14,Band 14 is exclusively for FirstNet public safety. AT&T operates the network and can share capacity with commercial users when not needed by first responders. Preemption and priority for public safety users.,True,
758,788,FR,ITU Region 1 (EU),MOBILE (LTE/5G NR Band 28 Downlink),Allocated,"3GPP Band 28 FDD downlink (paired with 703-733 MHz UL). Operators: Free Mobile 2x10 MHz, Orange 2x10 MHz, SFR 2x5 MHz, Bouygues 2x5 MHz.","iPhone 12-16, Samsung Galaxy S21-S25, Google Pixel 8/9",OFDM (LTE DL; 5G NR DL CP-OFDM),BTS typical 43-46 dBm per sector; per ARCEP license,5000,ARCEP Decision 2015-1583; 3GPP TS 36.101 Band 28; TS 38.101-1 Band n28,"Downlink pair of the 700 MHz Band 28 allocation in France. Deployed nationwide for LTE coverage, increasingly refarmed to 5G NR n28.",True,
758,788,DE,ITU Region 1 (EU),MOBILE (LTE/5G NR Band 28 Downlink),Allocated,"3GPP Band 28 FDD downlink. Operators: Telekom 2x10 MHz, Vodafone 2x10 MHz, Telefonica O2 2x10 MHz.","iPhone 12-16, Samsung Galaxy S21-S25, Google Pixel 8/9",OFDM (LTE/5G NR DL),BTS per BNetzA license; typical 43-46 dBm,5000,BNetzA Frequenzzuteilungsurkunde 2015; 3GPP Band 28/n28,Downlink pair in Germany. Key rural coverage band.,True,
758,788,UK,ITU Region 1,MOBILE (LTE/5G NR Band 28 Downlink),Allocated,"3GPP Band 28 FDD downlink. Operators: EE 2x10 MHz, Three 2x10 MHz, O2/VMO2 2x10 MHz.","iPhone 12-16, Samsung Galaxy S21-S25, Google Pixel 8/9",OFDM (LTE/5G NR DL),BTS per Ofcom license,5000,Ofcom 700 MHz & 3.6 GHz Award 2021; 3GPP Band 28/n28,Downlink pair in UK. Deployed for 5G NR coverage layer by EE and Three.,True,
758,788,IT,ITU Region 1 (EU),MOBILE (LTE/5G NR Band 28 Downlink),Allocated,"3GPP Band 28 FDD downlink. Operators: TIM 2x10 MHz, Vodafone 2x5 MHz, Wind Tre 2x5 MHz, Iliad 2x10 MHz.","iPhone 12-16, Samsung Galaxy S21-S25, Google Pixel 8/9",OFDM (LTE/5G NR DL),BTS per AGCOM license,5000,AGCOM Delibera 231/18/CONS; 3GPP Band 28/n28,Downlink pair in Italy.,True,
758,788,ES,ITU Region 1 (EU),MOBILE (LTE/5G NR Band 28 Downlink),Allocated,"3GPP Band 28 FDD downlink. Operators: Movistar 2x10 MHz, Orange 2x10 MHz, Vodafone 2x10 MHz.","iPhone 12-16, Samsung Galaxy S21-S25, Google Pixel 8/9",OFDM (LTE/5G NR DL),BTS per SETSI license,5000,CNAF UN-128; 3GPP Band 28/n28,Downlink pair in Spain.,True,
758,788,CH,ITU Region 1 (CEPT),MOBILE (LTE/5G NR Band 28 Downlink),Allocated,"3GPP Band 28 FDD downlink. Operators: Swisscom 2x10 MHz, Sunrise 2x10 MHz, Salt 2x10 MHz.","iPhone 12-16, Samsung Galaxy S21-S25, Google Pixel 8/9",OFDM (LTE/5G NR DL),BTS per ComCom license; NISV limits apply,5000,ComCom auction Feb 2019; BAKOM NFAP; 3GPP Band 28/n28,Downlink pair in Switzerland. NISV radiation limits are stricter than ICNIRP.,True,
758,788,CN,ITU Region 3,MOBILE (5G NR Band n28 Downlink),Allocated,"3GPP Band n28 FDD downlink. China Broadnet (CBN) 5G, joint network with China Mobile.","Huawei Mate 60 Pro, Xiaomi 14, OPPO Find X7",OFDM (5G NR CP-OFDM DL),BTS per MIIT license,5000,MIIT allocation 2020; 3GPP TS 38.101-1 Band n28,Downlink pair for CBN 5G in China. Provides excellent indoor penetration and wide-area coverage.,True,
758,788,RU,ITU Region 1,BROADCASTING (DTT) / MOBILE (planned),Allocated,Still used for DTT in Russia. Band 28 DL planned but DTT clearance incomplete.,DVB-T2 receivers (current); future LTE/5G devices,DVB-T2 COFDM (current),DTT per RTRS license,8000,SCRF Table; RTRS DTT plan; ITU WRC-15,Russia has not yet cleared this band for mobile services. DTT and military users remain.,True,
777,787,US,ITU Region 2,MOBILE (LTE Band 13 Downlink),Allocated,3GPP Band 13 FDD downlink (paired with 746-756 MHz UL); Verizon Wireless. Upper 700 MHz C Block.,"iPhone 12-16, Samsung Galaxy S21-S25, Google Pixel 7-9",OFDM (LTE DL),eNB per FCC license; typical 46 dBm EIRP,10000,FCC 47 CFR Part 27 Subpart I; 3GPP TS 36.101 Band 13,Verizon's primary LTE coverage band downlink. 10 MHz channel nationwide. Open-access requirements apply.,True,
788,798,US,ITU Region 2,MOBILE (LTE Band 14 Downlink / FirstNet),Allocated,3GPP Band 14 FDD downlink (paired with 758-768 MHz UL); FirstNet public safety broadband operated by AT&T.,"FirstNet devices: Samsung Galaxy XCover6 Pro, Sonim XP8, iPhone 12-16 (FirstNet), Cradlepoint IBR1700",OFDM (LTE DL),eNB per FirstNet/AT&T license,10000,Public Law 112-96; FCC 47 CFR Part 27; 3GPP Band 14,FirstNet downlink. AT&T operates for public safety with preemption capabilities.,True,
791,821,FR,ITU Region 1 (EU),MOBILE (LTE Band 20 Downlink),Allocated,"3GPP Band 20 FDD downlink (paired with 832-862 MHz UL); Digital Dividend 1. Operators: Orange 2x10 MHz, SFR 2x10 MHz, Bouygues 2x10 MHz, Free Mobile (no 800 MHz). Auctioned January 2012 by ARCEP.","iPhone 5-16, Samsung Galaxy S3-S25, Google Pixel all, Huawei P-series, all EU LTE smartphones",OFDM (LTE DL),BTS per ARCEP license; coordination with adjacent countries required near borders,5000,ARCEP Decision 2012-0037; EU Decision 2010/267/EU (Digital Dividend); ECC Decision (09)03; 3GPP TS 36.101 Band 20,France's Digital Dividend from analog TV switchoff. Free Mobile did not win 800 MHz spectrum. Band 20 is the primary LTE coverage band across EU for indoor/rural reach.,True,
791,821,DE,ITU Region 1 (EU),MOBILE (LTE Band 20 Downlink),Allocated,"3GPP Band 20 FDD downlink; Digital Dividend 1. Operators: Telekom 2x10 MHz, Vodafone 2x10 MHz, O2 (Telefonica) 2x10 MHz. Auctioned May 2010 by BNetzA ('Digitale Dividende').","iPhone 5-16, Samsung Galaxy S3-S25, all EU LTE smartphones",OFDM (LTE DL),BTS per BNetzA license; border coordination with neighbouring countries,5000,BNetzA auction 2010 (Frequenzauktion Digitale Dividende); EU Decision 2010/267/EU; 3GPP Band 20,Germany was the first EU country to auction 800 MHz Digital Dividend in 2010. Operators had coverage obligations for rural areas ('white spots').,True,
791,821,UK,ITU Region 1,MOBILE (LTE Band 20 Downlink),Allocated,"3GPP Band 20 FDD downlink; Digital Dividend 1. Operators: EE 2x5 MHz, Three (H3G) 2x5 MHz, O2 (Telefonica) 2x10 MHz, Vodafone 2x10 MHz. Auctioned February 2013 by Ofcom.","iPhone 5-16, Samsung Galaxy S3-S25, all UK LTE smartphones",OFDM (LTE DL),BTS per Ofcom license,5000,Ofcom Statement '4G auction' Feb 2013; UK SI 2012 No. 2817; EU Decision 2010/267/EU; 3GPP Band 20,UK auctioned 800 MHz alongside 2.6 GHz in 2013. Coverage obligation on one 800 MHz licensee (O2 won with indoor coverage commitment for 98% premises).,True,
791,821,IT,ITU Region 1 (EU),MOBILE (LTE Band 20 Downlink),Allocated,"3GPP Band 20 FDD downlink; Digital Dividend 1. Operators: TIM 2x10 MHz, Vodafone 2x10 MHz, Wind Tre 2x10 MHz. Auctioned September 2011 by MISE.","iPhone 5-16, Samsung Galaxy S3-S25, all EU LTE smartphones",OFDM (LTE DL),BTS per AGCOM license,5000,AGCOM/MISE auction 2011; EU Decision 2010/267/EU; 3GPP Band 20,Italy auctioned 800 MHz in 2011. Band 20 is critical for indoor and rural LTE coverage.,True,
791,821,ES,ITU Region 1 (EU),MOBILE (LTE Band 20 Downlink),Allocated,"3GPP Band 20 FDD downlink; Digital Dividend 1. Operators: Movistar 2x10 MHz, Orange 2x10 MHz, Vodafone 2x10 MHz. Auctioned July 2011 by SETSI.","iPhone 5-16, Samsung Galaxy S3-S25, all EU LTE smartphones",OFDM (LTE DL),BTS per SETSI/CNMC license,5000,CNAF UN-89; Real Decreto 458/2011; EU Decision 2010/267/EU; 3GPP Band 20,Spain auctioned 800 MHz in 2011. Key rural LTE band.,True,
791,821,CH,ITU Region 1 (CEPT),MOBILE (LTE Band 20 Downlink),Allocated,"3GPP Band 20 FDD downlink. Operators: Swisscom 2x10 MHz, Sunrise 2x10 MHz, Salt 2x10 MHz. Auctioned February 2012 by ComCom.","iPhone 5-16, Samsung Galaxy S3-S25, all EU-band LTE smartphones",OFDM (LTE DL),BTS per ComCom license; NISV limits,5000,ComCom auction 2012; BAKOM NFAP; ECC Decision (09)03; 3GPP Band 20,Switzerland follows EU Digital Dividend plan for 800 MHz. NISV radiation limits constrain site density.,True,
791,821,RU,ITU Region 1,MOBILE (LTE Band 20 Downlink),Allocated,"3GPP Band 20 FDD downlink. Operators: MTS 2x7.5 MHz, MegaFon 2x7.5 MHz, Beeline (VimpelCom) 2x7.5 MHz, Tele2 (T2 Mobile) 2x7.5 MHz. Licensed by Roskomnadzor ~2012-2013.","Samsung Galaxy S series, Xiaomi, Huawei (Russian market variants), Apple iPhone 5+",OFDM (LTE DL),BTS per Roskomnadzor license,5000,Roskomnadzor/SCRF Decision; GRFC licenses; 3GPP Band 20,Russia deployed Band 20 LTE from ~2013. All four major operators hold 800 MHz spectrum. Important for coverage outside major cities.,True,
791,821,US,ITU Region 2,N/A (not Band 20),Allocated,"US does NOT use the EU 800 MHz Band 20 plan. This range in the US falls within the Upper 700 MHz band (partly Band 13 DL, Band 14 DL, and public safety narrowband). Different channelization.",N/A — see US 700 MHz bands (12/13/14/17),N/A,N/A,,FCC 47 CFR Part 27; US 700 MHz band plan,"IMPORTANT: The US does NOT have Band 20. The 791-862 MHz range in the US is occupied by different services (UHF TV channels, 700 MHz upper bands). Do not confuse EU Band 20 with US allocations.",True,
791,821,CN,ITU Region 3,N/A (not Band 20),Allocated,China does NOT use the EU 800 MHz Band 20 plan. This range is used for DTT and other services under MIIT regulation.,"DVB-T receivers, DTMB receivers (Chinese digital TV standard)",DTMB (Chinese DVB equivalent),Per MIIT broadcast license,8000,MIIT Radio Regulations; GB/T 20600 (DTMB standard),China uses DTMB for digital TV in this range. No Band 20 LTE deployment.,True,
821,832,FR,ITU Region 1 (EU),PMSE / Guard Band,Shared,"800 MHz duplex gap. Wireless microphones (PMSE), in-ear monitors. Licensed/coordinated PMSE use. Guard band between Band 20 DL (791-821) and UL (832-862).","Sennheiser EW 100 G4 (Band E: 823-865 MHz), Sennheiser EW 300 G4, Shure QLXD (Band G50: 470-534 MHz — NOT this band), Sennheiser EW IEM G4","FM (analog wireless mics), digital modulation (Sennheiser Digital 6000/9000)",20 mW ERP (EU SRD); up to 50 mW with spectrum coordination per national authority,200,ECC Decision (09)03 Annex 3; ETSI EN 300 422; ARCEP Decision PMSE; ECC REC 25-10,The 821-832 MHz guard band is used across EU for PMSE (Programme Making and Special Events). Sennheiser EW G4 'Band E' covers 823-865 MHz and is popular in this range. Power limit of 20 mW for licence-exempt use.,True,
821,832,DE,ITU Region 1 (EU),PMSE / Guard Band,Shared,800 MHz duplex gap. Wireless microphones (PMSE) and IEM. BNetzA Allgemeinzuteilung for PMSE.,"Sennheiser EW 100 G4 (Band E), Sennheiser EW 300 G4-865, Shure PSM 300 (Band S8: 823-832 MHz)","FM (analog), proprietary digital",20 mW ERP licence-exempt; up to 50 mW with individual license from BNetzA,200,BNetzA Allgemeinzuteilung Vfg 40/2016 (PMSE); ECC Decision (09)03; ETSI EN 300 422,Germany allows licence-exempt PMSE in the duplex gap at 20 mW. Higher power requires individual licensing.,True,
821,832,UK,ITU Region 1,PMSE / Guard Band,Shared,800 MHz duplex gap. PMSE wireless microphones and IEM. Licence-exempt and shared-access licensing by Ofcom/JFMG.,"Sennheiser EW 100 G4 (Band E), Shure PSM 300, Audio-Technica 3000 series","FM (analog), digital",20 mW ERP licence-exempt; higher power via PMSE shared-access license (Ofcom/Arqiva),200,Ofcom IR 2030; Ofcom PMSE licensing; ECC Decision (09)03; ETSI EN 300 422,UK PMSE licensing managed by Arqiva on behalf of Ofcom. The duplex gap is critical for live events.,True,
821,832,IT,ITU Region 1 (EU),PMSE / Guard Band,Shared,800 MHz duplex gap. PMSE wireless microphones.,"Sennheiser EW 100 G4 (Band E), Shure PSM 300","FM (analog), digital",20 mW ERP licence-exempt,200,MIMIT Piano Nazionale Frequenze; ECC Decision (09)03; ETSI EN 300 422,Italy follows ECC harmonization for PMSE in the duplex gap.,True,
821,832,ES,ITU Region 1 (EU),PMSE / Guard Band,Shared,800 MHz duplex gap. PMSE wireless microphones.,"Sennheiser EW 100 G4 (Band E), Shure PSM 300","FM (analog), digital",20 mW ERP licence-exempt,200,CNAF; SETSI; ECC Decision (09)03; ETSI EN 300 422,Spain follows ECC harmonization for PMSE in the duplex gap.,True,
821,832,CH,ITU Region 1 (CEPT),PMSE / Guard Band,Shared,800 MHz duplex gap. PMSE wireless microphones.,"Sennheiser EW 100 G4 (Band E), Shure PSM 300","FM (analog), digital",20 mW ERP licence-exempt; higher power via BAKOM individual license,200,BAKOM NFAP; ECC Decision (09)03; ETSI EN 300 422,Switzerland follows CEPT harmonization for PMSE in the duplex gap.,True,
821,832,RU,ITU Region 1,MOBILE (LTE Band 20 guard) / PMSE,Shared,800 MHz duplex gap. Some PMSE use but less formalized than EU. Guard between Band 20 DL and UL.,"Sennheiser EW G4 (where imported), local PMSE equipment",FM (analog),Per SCRF regulations,200,SCRF Table of Frequency Allocations; Roskomnadzor,Russia's PMSE regulation in this band is less harmonized than CEPT. Usage exists but licensing framework differs.,True,
832,862,FR,ITU Region 1 (EU),MOBILE (LTE Band 20 Uplink),Allocated,"3GPP Band 20 FDD uplink (paired with 791-821 MHz DL). Operators: Orange 2x10 MHz, SFR 2x10 MHz, Bouygues 2x10 MHz.","iPhone 5-16, Samsung Galaxy S3-S25, all EU LTE smartphones",SC-FDMA (LTE UL),UE max 23 dBm (200 mW),5000,ARCEP Decision 2012-0037; EU Decision 2010/267/EU; 3GPP Band 20,Band 20 uplink in France. Free Mobile does not hold 800 MHz spectrum.,True,
832,862,DE,ITU Region 1 (EU),MOBILE (LTE Band 20 Uplink),Allocated,"3GPP Band 20 FDD uplink. Operators: Telekom, Vodafone, O2 each 2x10 MHz.","iPhone 5-16, Samsung Galaxy S3-S25, all EU LTE smartphones",SC-FDMA (LTE UL),UE max 23 dBm (200 mW),5000,BNetzA auction 2010; EU Decision 2010/267/EU; 3GPP Band 20,Band 20 uplink in Germany.,True,
832,862,UK,ITU Region 1,MOBILE (LTE Band 20 Uplink),Allocated,"3GPP Band 20 FDD uplink. Operators: EE 2x5 MHz, Three 2x5 MHz, O2 2x10 MHz, Vodafone 2x10 MHz.","iPhone 5-16, Samsung Galaxy S3-S25, all UK LTE smartphones",SC-FDMA (LTE UL),UE max 23 dBm (200 mW),5000,Ofcom 4G auction 2013; EU Decision 2010/267/EU; 3GPP Band 20,Band 20 uplink in UK.,True,
832,862,IT,ITU Region 1 (EU),MOBILE (LTE Band 20 Uplink),Allocated,"3GPP Band 20 FDD uplink. Operators: TIM, Vodafone, Wind Tre each 2x10 MHz.","iPhone 5-16, Samsung Galaxy S3-S25, all EU LTE smartphones",SC-FDMA (LTE UL),UE max 23 dBm (200 mW),5000,AGCOM/MISE auction 2011; EU Decision 2010/267/EU; 3GPP Band 20,Band 20 uplink in Italy.,True,
832,862,ES,ITU Region 1 (EU),MOBILE (LTE Band 20 Uplink),Allocated,"3GPP Band 20 FDD uplink. Operators: Movistar, Orange, Vodafone each 2x10 MHz.","iPhone 5-16, Samsung Galaxy S3-S25, all EU LTE smartphones",SC-FDMA (LTE UL),UE max 23 dBm (200 mW),5000,CNAF UN-89; EU Decision 2010/267/EU; 3GPP Band 20,Band 20 uplink in Spain.,True,
832,862,CH,ITU Region 1 (CEPT),MOBILE (LTE Band 20 Uplink),Allocated,"3GPP Band 20 FDD uplink. Operators: Swisscom, Sunrise, Salt each 2x10 MHz.","iPhone 5-16, Samsung Galaxy S3-S25, all EU-band LTE smartphones",SC-FDMA (LTE UL),UE max 23 dBm (200 mW),5000,ComCom auction 2012; BAKOM NFAP; 3GPP Band 20,Band 20 uplink in Switzerland.,True,
832,862,RU,ITU Region 1,MOBILE (LTE Band 20 Uplink),Allocated,"3GPP Band 20 FDD uplink. Operators: MTS, MegaFon, Beeline, Tele2 each 2x7.5 MHz.","Samsung Galaxy S series (RU variant), Xiaomi, Huawei, Apple iPhone 5+",SC-FDMA (LTE UL),UE max 23 dBm (200 mW),5000,Roskomnadzor/SCRF Decision; GRFC licenses; 3GPP Band 20,Band 20 uplink in Russia. All four major operators deployed.,True,
862,863,FR,ITU Region 1 (EU),SRD (Short Range Devices),Shared,"Non-specific SRDs. Low duty cycle applications: alarms, remote controls, telemetry.","Honeywell alarm sensors, Somfy garage door openers, generic 868 MHz remotes","FSK, OOK, ASK","25 mW ERP, 0.1% duty cycle",25,ETSI EN 300 220; ERC REC 70-03 Annex 1 Sub-band J; ARCEP Decision 2014-1263,This 1 MHz sub-band sits between Band 20 UL edge (862 MHz) and the main SRD band (863+). Very restricted duty cycle. NOT an ISM band (often mislabeled).,True,
862,863,DE,ITU Region 1 (EU),SRD (Short Range Devices),Shared,"Non-specific SRDs. Alarms, remote controls, telemetry.","Homematic IP sensors, ELV/eQ-3 smart home devices, generic 868 MHz remotes","FSK, OOK, ASK","25 mW ERP, 0.1% duty cycle",25,ETSI EN 300 220; ERC REC 70-03 Sub-band J; BNetzA Allgemeinzuteilung Vfg 30/2014,Germany follows ECC harmonization. BNetzA Allgemeinzuteilung provides general authorization.,True,
862,863,UK,ITU Region 1,SRD (Short Range Devices),Shared,Non-specific SRDs.,"Generic 868 MHz remotes, alarm sensors","FSK, OOK, ASK","25 mW ERP, 0.1% duty cycle",25,Ofcom IR 2030; ETSI EN 300 220; ERC REC 70-03 Sub-band J,UK follows CEPT harmonization for SRD in this sub-band even post-Brexit.,True,
862,863,IT,ITU Region 1 (EU),SRD (Short Range Devices),Shared,Non-specific SRDs.,"Generic 868 MHz remotes, alarm sensors","FSK, OOK, ASK","25 mW ERP, 0.1% duty cycle",25,ETSI EN 300 220; ERC REC 70-03; MIMIT Piano Nazionale Frequenze,Italy follows ECC harmonization.,True,
862,863,ES,ITU Region 1 (EU),SRD (Short Range Devices),Shared,Non-specific SRDs.,"Generic 868 MHz remotes, alarm sensors","FSK, OOK, ASK","25 mW ERP, 0.1% duty cycle",25,ETSI EN 300 220; ERC REC 70-03; CNAF nota UN-85,Spain follows ECC harmonization.,True,
862,863,CH,ITU Region 1 (CEPT),SRD (Short Range Devices),Shared,Non-specific SRDs.,"Generic 868 MHz remotes, alarm sensors","FSK, OOK, ASK","25 mW ERP, 0.1% duty cycle",25,ETSI EN 300 220; ERC REC 70-03; BAKOM NFAP,Switzerland follows CEPT harmonization.,True,
862,863,RU,ITU Region 1,SRD (Short Range Devices),Shared,SRDs under Russian regulation. Less harmonized than CEPT but similar applications.,"Local-market alarm sensors, remotes","FSK, OOK",25 mW ERP,25,SCRF Decision; Russian SRD regulations,Russia allows SRD use in 864-870 MHz (RU864 plan) but this lower segment (862-863) overlaps with Band 20 UL edge.,True,
862,870,US,ITU Region 2,N/A (not allocated for SRD/ISM in US),Allocated,"The US does NOT use 862-870 MHz for SRD/ISM/LoRaWAN. This range in the US is allocated to cellular (upper 800 MHz) and other services. US uses 902-928 MHz ISM band instead for LoRaWAN (US915 plan), Sigfox (902 MHz), and SRDs.","N/A for SRD; US LoRaWAN devices use 902-928 MHz (Semtech SX1276 US version, RAK WisGate US915)",N/A for this band in US,N/A,,FCC 47 CFR Part 15 (for 902-928 MHz ISM); Part 90 (for 800 MHz public safety/SMR),CRITICAL CORRECTION: US does NOT have LoRaWAN/Sigfox/SRD at 868 MHz. Any data showing US LoRaWAN at 868.1/868.3/868.5 MHz is WRONG. US uses 902-928 MHz ISM band (FCC Part 15.247).,True,
862,870,CN,ITU Region 3,N/A (not allocated for SRD/ISM/LoRaWAN in China),Allocated,China does NOT use 862-870 MHz for LoRaWAN/Sigfox/SRD. China uses 470-510 MHz for LoRaWAN (CN470 plan). This range in China is used for other radio services under MIIT regulation.,"N/A for SRD; CN LoRaWAN devices use 470-510 MHz (Semtech SX1276 CN version, RAK WisGate CN470)",N/A for this band in CN,N/A,,MIIT Radio Regulations; LoRa Alliance CN470 Regional Parameters,CRITICAL CORRECTION: China does NOT have LoRaWAN at 868 MHz. Any data showing CN LoRaWAN at 868.1/868.3/868.5 MHz is WRONG. China uses 470-510 MHz (CN470) for LoRaWAN and IoT.,True,
863,865,FR,ITU Region 1 (EU),SRD Sub-band K — Wireless Audio / SRDs,Shared,"Short Range Devices including wireless audio (headphones, baby monitors), remote controls, home automation sensors. 25 mW, 0.1% duty cycle.","Sennheiser RS 120-W (863-865 MHz wireless headphones), Sony WH-L600, Beyerdynamic Lagoon ANC, baby monitors (Philips Avent SCD843), ISM audio links","FM (analog audio), FSK, GFSK (digital audio)","25 mW ERP, 0.1% duty cycle",50,ETSI EN 300 220; ERC REC 70-03 Annex 1 Sub-band K; ARCEP Decision 2014-1263,Sub-band K (863-865 MHz). Popular for consumer wireless audio. Sennheiser RS series headphones operate here. NOT ISM band — this is an SRD band under ETSI/ECC regulation. Often mislabeled as ISM.,True,
863,865,DE,ITU Region 1 (EU),SRD Sub-band K — Wireless Audio / SRDs,Shared,"Wireless audio, baby monitors, home automation. 25 mW, 0.1% duty cycle.","Sennheiser RS 120-W, Sennheiser RS 175, baby monitors, Homematic IP sensors (863.0 MHz)","FM, FSK, GFSK","25 mW ERP, 0.1% duty cycle",50,ETSI EN 300 220; ERC REC 70-03 Sub-band K; BNetzA Allgemeinzuteilung,Sub-band K. German market has strong uptake of Homematic IP (eQ-3) smart home devices in this range.,True,
863,865,UK,ITU Region 1,SRD Sub-band K — Wireless Audio / SRDs,Shared,"Wireless audio, baby monitors, home automation. 25 mW, 0.1% duty cycle.","Sennheiser RS 120-W, baby monitors, home automation sensors","FM, FSK, GFSK","25 mW ERP, 0.1% duty cycle",50,Ofcom IR 2030; ETSI EN 300 220; ERC REC 70-03 Sub-band K,Sub-band K. UK continues to follow CEPT harmonization post-Brexit.,True,
863,865,IT,ITU Region 1 (EU),SRD Sub-band K — Wireless Audio / SRDs,Shared,"Wireless audio, baby monitors, home automation.","Sennheiser RS 120-W, baby monitors","FM, FSK, GFSK","25 mW ERP, 0.1% duty cycle",50,ETSI EN 300 220; ERC REC 70-03 Sub-band K; MIMIT,Sub-band K in Italy.,True,
863,865,ES,ITU Region 1 (EU),SRD Sub-band K — Wireless Audio / SRDs,Shared,"Wireless audio, baby monitors, home automation.","Sennheiser RS 120-W, baby monitors","FM, FSK, GFSK","25 mW ERP, 0.1% duty cycle",50,ETSI EN 300 220; ERC REC 70-03 Sub-band K; CNAF nota UN-85,Sub-band K in Spain.,True,
863,865,CH,ITU Region 1 (CEPT),SRD Sub-band K — Wireless Audio / SRDs,Shared,"Wireless audio, baby monitors, home automation.","Sennheiser RS 120-W, baby monitors","FM, FSK, GFSK","25 mW ERP, 0.1% duty cycle",50,ETSI EN 300 220; ERC REC 70-03 Sub-band K; BAKOM NFAP,Sub-band K in Switzerland.,True,
865,868,FR,ITU Region 1 (EU),SRD Sub-band L — RFID / LoRaWAN additional / SRDs,Shared,"UHF RFID (865-868 MHz EU band), LoRaWAN additional channels (867.1, 867.3, 867.5, 867.7, 867.9 MHz), general SRDs. 25 mW, 1% duty cycle.","RFID: Impinj Speedway R420, Zebra FX9600, Impinj R700, Zebra RFD40. LoRaWAN: Semtech SX1276/SX1262 modules, RAK WisGate Edge D4H, Dragino LPS8, Kerlink Wirnet iStation","RFID: ASK/PIE (reader-to-tag), FM0/Miller (tag-to-reader) per ISO 18000-63/EPC Gen2. LoRaWAN: CSS (Chirp Spread Spectrum)","RFID: 2 W ERP (EU harmonized, ETSI EN 302 208, with LBT/AFA). SRDs: 25 mW ERP, 1% duty cycle. LoRaWAN: 25 mW ERP, 1% DC",200,ETSI EN 302 208 (RFID); ETSI EN 300 220 (SRD); ERC REC 70-03 Annex 1 Sub-band L; ARCEP Decision 2014-1263; LoRa Alliance EU868 Regional Parameters,Sub-band L (865-868 MHz). EU RFID band is narrower than US (902-928 MHz) with lower power (2W ERP vs 4W EIRP). LoRaWAN uses 5 additional channels here (867.1-867.9 MHz). RFID readers must use Listen-Before-Talk (LBT) or Adaptive Frequency Agility (AFA).,True,
865,868,DE,ITU Region 1 (EU),SRD Sub-band L — RFID / LoRaWAN additional / SRDs,Shared,"UHF RFID, LoRaWAN additional channels, general SRDs.","RFID: Impinj Speedway R420, Zebra FX9600. LoRaWAN: Semtech SX1276, RAK WisGate, Dragino LPS8, IMST iC880A concentrator",RFID: ASK/PIE per EPC Gen2. LoRaWAN: CSS,"RFID: 2 W ERP (LBT). SRDs: 25 mW ERP, 1% DC",200,ETSI EN 302 208; ETSI EN 300 220; ERC REC 70-03 Sub-band L; BNetzA Allgemeinzuteilung,"Sub-band L in Germany. Strong LoRaWAN deployment (The Things Network communities in Berlin, Munich, Hamburg).",True,
865,868,UK,ITU Region 1,SRD Sub-band L — RFID / LoRaWAN additional / SRDs,Shared,"UHF RFID, LoRaWAN additional channels, general SRDs.","RFID: Impinj R700, Zebra FX9600. LoRaWAN: Semtech SX1276, RAK WisGate",RFID: ASK/PIE per EPC Gen2. LoRaWAN: CSS,"RFID: 2 W ERP (LBT). SRDs: 25 mW ERP, 1% DC",200,Ofcom IR 2030; ETSI EN 302 208; ETSI EN 300 220; ERC REC 70-03 Sub-band L,Sub-band L in UK. UK continues CEPT-aligned RFID regulation post-Brexit.,True,
865,868,IT,ITU Region 1 (EU),SRD Sub-band L — RFID / LoRaWAN additional / SRDs,Shared,"UHF RFID, LoRaWAN additional channels, general SRDs.","RFID: Impinj R420, Zebra FX9600. LoRaWAN: Semtech SX1276",RFID: ASK/PIE. LoRaWAN: CSS,"RFID: 2 W ERP (LBT). SRDs: 25 mW ERP, 1% DC",200,ETSI EN 302 208; ERC REC 70-03 Sub-band L; MIMIT,Sub-band L in Italy.,True,
865,868,ES,ITU Region 1 (EU),SRD Sub-band L — RFID / LoRaWAN additional / SRDs,Shared,"UHF RFID, LoRaWAN additional channels, general SRDs.","RFID: Impinj R420, Zebra FX9600. LoRaWAN: Semtech SX1276",RFID: ASK/PIE. LoRaWAN: CSS,"RFID: 2 W ERP (LBT). SRDs: 25 mW ERP, 1% DC",200,ETSI EN 302 208; ERC REC 70-03 Sub-band L; CNAF nota UN-85,Sub-band L in Spain.,True,
865,868,CH,ITU Region 1 (CEPT),SRD Sub-band L — RFID / LoRaWAN additional / SRDs,Shared,"UHF RFID, LoRaWAN additional channels, general SRDs.","RFID: Impinj R420, Zebra FX9600. LoRaWAN: Semtech SX1276, Swisscom LPN (Low Power Network) gateways",RFID: ASK/PIE. LoRaWAN: CSS,"RFID: 2 W ERP (LBT). SRDs: 25 mW ERP, 1% DC",200,ETSI EN 302 208; ERC REC 70-03 Sub-band L; BAKOM NFAP,Sub-band L in Switzerland. Swisscom operates a nationwide LoRaWAN (LPN) network using these frequencies.,True,
868.0,868.6,FR,ITU Region 1 (EU),SRD Sub-band M — LoRaWAN default / Sigfox / SRDs,Shared,"LoRaWAN mandatory default channels: 868.1, 868.3, 868.5 MHz. Sigfox uplink: 868.13 MHz (DBPSK, 100 bps, 100 Hz BW). General SRDs. 25 mW, 1% duty cycle.","LoRaWAN: Semtech SX1276/SX1262 LoRa transceivers, RAK WisGate Edge gateways, Dragino LPS8/LG308, Kerlink Wirnet iStation, Microchip RN2483, STM32WL (ST). Sigfox: Sigfox-certified modules (TD1207, Wisol SFM10R1)","LoRaWAN: CSS (Chirp Spread Spectrum, SF7-SF12, 125/250 kHz BW). Sigfox: DBPSK uplink (100 bps, 100 Hz), GFSK downlink (600 bps)","25 mW ERP (14 dBm), 1% duty cycle (max 36 seconds per hour per device)",200,ETSI EN 300 220; ERC REC 70-03 Annex 1 Sub-band M; ARCEP Decision 2014-1263; LoRa Alliance EU868 Regional Parameters v1.0.3+; ETSI TS 103 357 (Sigfox),Sub-band M (868.0-868.6 MHz) is THE critical IoT sub-band in EU. LoRaWAN: 868.1/868.3/868.5 are mandatory join frequencies (all EU868 devices must support them). Sigfox operates at 868.13 MHz with ultra-narrowband DBPSK. This is NOT an ISM band — it is an SRD band regulated under ETSI EN 300 220 and ECC REC 70-03.,True,
868.0,868.6,DE,ITU Region 1 (EU),SRD Sub-band M — LoRaWAN default / Sigfox / SRDs,Shared,"LoRaWAN default channels (868.1, 868.3, 868.5), Sigfox (868.13 MHz), general SRDs.","LoRaWAN: Semtech SX1276/SX1262, RAK WisGate, Dragino, IMST iC880A, Lobaro sensors. Sigfox: TD1207, Wisol modules",LoRaWAN: CSS. Sigfox: DBPSK/GFSK,"25 mW ERP, 1% duty cycle",200,ETSI EN 300 220; ERC REC 70-03 Sub-band M; BNetzA Allgemeinzuteilung,Sub-band M in Germany. The Things Network has extensive community coverage in German cities. Sigfox coverage via Sigfox Germany (formerly Netzikon).,True,
868.0,868.6,UK,ITU Region 1,SRD Sub-band M — LoRaWAN default / Sigfox / SRDs,Shared,"LoRaWAN default channels (868.1, 868.3, 868.5), Sigfox, general SRDs.","LoRaWAN: Semtech SX1276/SX1262, RAK WisGate, Dragino. Sigfox: TD1207",LoRaWAN: CSS. Sigfox: DBPSK/GFSK,"25 mW ERP, 1% duty cycle",200,Ofcom IR 2030; ETSI EN 300 220; ERC REC 70-03 Sub-band M,"Sub-band M in UK. The Things Network has strong UK presence (London, Cambridge, etc.). UK retains CEPT-aligned SRD regulation post-Brexit.",True,
868.0,868.6,IT,ITU Region 1 (EU),SRD Sub-band M — LoRaWAN default / Sigfox / SRDs,Shared,"LoRaWAN default channels, Sigfox, general SRDs.","LoRaWAN: Semtech SX1276, RAK WisGate. Sigfox: TD1207",LoRaWAN: CSS. Sigfox: DBPSK/GFSK,"25 mW ERP, 1% duty cycle",200,ETSI EN 300 220; ERC REC 70-03 Sub-band M; MIMIT,Sub-band M in Italy.,True,
868.0,868.6,ES,ITU Region 1 (EU),SRD Sub-band M — LoRaWAN default / Sigfox / SRDs,Shared,"LoRaWAN default channels, Sigfox, general SRDs.","LoRaWAN: Semtech SX1276, RAK WisGate. Sigfox: TD1207",LoRaWAN: CSS. Sigfox: DBPSK/GFSK,"25 mW ERP, 1% duty cycle",200,ETSI EN 300 220; ERC REC 70-03 Sub-band M; CNAF nota UN-85,Sub-band M in Spain. Sigfox was founded in France and has strong Spanish coverage.,True,
868.0,868.6,CH,ITU Region 1 (CEPT),SRD Sub-band M — LoRaWAN default / Sigfox / SRDs,Shared,"LoRaWAN default channels, Sigfox, general SRDs. Swisscom LPN (LoRaWAN) nationwide network.","LoRaWAN: Semtech SX1276, RAK WisGate, Swisscom LPN gateways. Sigfox: TD1207",LoRaWAN: CSS. Sigfox: DBPSK/GFSK,"25 mW ERP, 1% duty cycle",200,ETSI EN 300 220; ERC REC 70-03 Sub-band M; BAKOM NFAP,"Sub-band M in Switzerland. Swisscom was one of the first operators globally to deploy a nationwide LoRaWAN network (Swisscom LPN, launched 2016).",True,
864,870,RU,ITU Region 1,SRD / LoRaWAN (RU864 plan),Shared,"Russian LoRaWAN frequency plan (RU864). Default channels: 868.9, 869.1 MHz. Additional channels available in 864-870 MHz range. Different from EU868 plan.","LoRaWAN: Semtech SX1276/SX1262 (RU864 firmware), RAK WisGate (RU config), Vega Smart devices (Russian-made LoRaWAN sensors)",LoRaWAN: CSS (Chirp Spread Spectrum),25 mW ERP (general SRD); up to 100 mW ERP for some sub-bands per SCRF,200,SCRF Decision on SRD; LoRa Alliance RU864 Regional Parameters; Russian SRD regulations,Russia uses a DIFFERENT LoRaWAN plan (RU864) from the EU868 plan. Default channels are 868.9 and 869.1 MHz (not 868.1/868.3/868.5 like EU). The RU864 band is 864-870 MHz with Russian-specific duty cycle and power rules.,True,
868.7,869.2,FR,ITU Region 1 (EU),SRD Sub-band N — Social alarms / Wize / LoRaWAN FSK,Shared,"Social alarms, building automation, Wize protocol (868.8 MHz for utility metering — GRDF gas meters, Suez water meters). LoRaWAN FSK channel at 868.8 MHz. 25 mW, 0.1% duty cycle.","Wize: GRDF Gazpar gas meter (868.95 MHz, Wize Rev.5), Suez/Saur water meters. LoRaWAN FSK: Semtech SX1276 FSK mode. Social alarms: Tunstall Lifeline, Doro alarm pendants",Wize: NB-GFSK (narrowband GFSK). LoRaWAN FSK: GFSK 50 kbps. Social alarms: FSK/OOK,"25 mW ERP, 0.1% duty cycle (max 3.6 seconds per hour)",25,ETSI EN 300 220; ERC REC 70-03 Annex 1 Sub-band N; ARCEP; Wize Alliance specification (ETSI TS 103 789),"Sub-band N (868.7-869.2 MHz). Very restrictive 0.1% duty cycle. Wize protocol (formerly known as WM-Bus mode N/S) is used by French utility companies (GRDF, Suez) for smart metering. The LoRaWAN FSK channel at 868.8 MHz has limited use due to the 0.1% DC constraint. [FACTCHECK CORRECTION: GRDF Gazpar gas meters use 169 MHz VHF Wize band, NOT 868 MHz. Remove Gazpar reference from this band.]",True,
868.7,869.2,DE,ITU Region 1 (EU),SRD Sub-band N — Social alarms / Building automation,Shared,"Social alarms, building automation, smart metering. 25 mW, 0.1% duty cycle.","Homematic IP building automation, social alarm pendants, Techem smart meters (heat cost allocators)","FSK, OOK, NB-GFSK (wM-Bus)","25 mW ERP, 0.1% duty cycle",25,ETSI EN 300 220; ERC REC 70-03 Sub-band N; BNetzA Allgemeinzuteilung,Sub-band N in Germany. Techem and ista use wM-Bus in this range for heat cost allocators in German apartment buildings.,True,
868.7,869.2,UK,ITU Region 1,SRD Sub-band N — Social alarms / Building automation,Shared,"Social alarms, building automation. 25 mW, 0.1% duty cycle.","Tunstall Lifeline Vi+, Doro alarm pendants, building automation sensors","FSK, OOK","25 mW ERP, 0.1% duty cycle",25,Ofcom IR 2030; ETSI EN 300 220; ERC REC 70-03 Sub-band N,Sub-band N in UK. Telecare/social alarm systems commonly use this sub-band.,True,
868.7,869.2,IT,ITU Region 1 (EU),SRD Sub-band N — Social alarms / Building automation,Shared,"Social alarms, building automation. 25 mW, 0.1% duty cycle.","Social alarm devices, building sensors","FSK, OOK","25 mW ERP, 0.1% duty cycle",25,ETSI EN 300 220; ERC REC 70-03 Sub-band N; MIMIT,Sub-band N in Italy.,True,
868.7,869.2,ES,ITU Region 1 (EU),SRD Sub-band N — Social alarms / Building automation,Shared,"Social alarms, building automation. 25 mW, 0.1% duty cycle.","Social alarm devices, building sensors","FSK, OOK","25 mW ERP, 0.1% duty cycle",25,ETSI EN 300 220; ERC REC 70-03 Sub-band N; CNAF,Sub-band N in Spain.,True,
868.7,869.2,CH,ITU Region 1 (CEPT),SRD Sub-band N — Social alarms / Building automation,Shared,"Social alarms, building automation. 25 mW, 0.1% duty cycle.","Social alarm devices, building sensors","FSK, OOK","25 mW ERP, 0.1% duty cycle",25,ETSI EN 300 220; ERC REC 70-03 Sub-band N; BAKOM NFAP,Sub-band N in Switzerland.,True,
869.4,869.65,FR,ITU Region 1 (EU),SRD Sub-band P — High-power SRDs / LoRaWAN RX2,Shared,"Higher-power SRD sub-band. LoRaWAN RX2 default downlink at 869.525 MHz (SF12, 125 kHz BW). Alarms, emergency beacons, higher-power telemetry. 500 mW, 10% duty cycle.","LoRaWAN gateways (downlink): Semtech SX1301/SX1302 concentrators, RAK WisGate Edge, Kerlink Wirnet, Multitech Conduit. Alarm systems: Verisure/Securitas Direct, Somfy Protexiom","LoRaWAN: CSS (SF12 default for RX2). Alarms: FSK, OOK","500 mW ERP (27 dBm), 10% duty cycle (max 360 seconds per hour)",250,ETSI EN 300 220; ERC REC 70-03 Annex 1 Sub-band P; ARCEP; LoRa Alliance EU868 Regional Parameters,"Sub-band P (869.4-869.65 MHz) is the highest-power SRD sub-band in EU at 500 mW / 10% DC. LoRaWAN uses 869.525 MHz as the default RX2 downlink window, taking advantage of the higher power allowance. This enables better gateway-to-device link budget for downlink.",True,
869.4,869.65,DE,ITU Region 1 (EU),SRD Sub-band P — High-power SRDs / LoRaWAN RX2,Shared,"LoRaWAN RX2 downlink (869.525 MHz), alarms, higher-power SRDs. 500 mW, 10% duty cycle.","LoRaWAN gateways: RAK WisGate, Kerlink Wirnet, IMST Lite Gateway. Alarms: Lupus Electronics, ABUS Secvest","LoRaWAN: CSS. Alarms: FSK, OOK","500 mW ERP, 10% duty cycle",250,ETSI EN 300 220; ERC REC 70-03 Sub-band P; BNetzA Allgemeinzuteilung,Sub-band P in Germany. LoRaWAN RX2 at 869.525 MHz.,True,
869.4,869.65,UK,ITU Region 1,SRD Sub-band P — High-power SRDs / LoRaWAN RX2,Shared,"LoRaWAN RX2 downlink (869.525 MHz), alarms, higher-power SRDs. 500 mW, 10% duty cycle.","LoRaWAN gateways: RAK WisGate, Kerlink. Alarms: Yale Sync, Texecom","LoRaWAN: CSS. Alarms: FSK, OOK","500 mW ERP, 10% duty cycle",250,Ofcom IR 2030; ETSI EN 300 220; ERC REC 70-03 Sub-band P,Sub-band P in UK.,True,
869.4,869.65,IT,ITU Region 1 (EU),SRD Sub-band P — High-power SRDs / LoRaWAN RX2,Shared,"LoRaWAN RX2 downlink (869.525 MHz), alarms, higher-power SRDs. 500 mW, 10% duty cycle.","LoRaWAN gateways, alarm systems","LoRaWAN: CSS. Alarms: FSK, OOK","500 mW ERP, 10% duty cycle",250,ETSI EN 300 220; ERC REC 70-03 Sub-band P; MIMIT,Sub-band P in Italy.,True,
869.4,869.65,ES,ITU Region 1 (EU),SRD Sub-band P — High-power SRDs / LoRaWAN RX2,Shared,"LoRaWAN RX2 downlink (869.525 MHz), alarms, higher-power SRDs. 500 mW, 10% duty cycle.","LoRaWAN gateways, alarm systems","LoRaWAN: CSS. Alarms: FSK, OOK","500 mW ERP, 10% duty cycle",250,ETSI EN 300 220; ERC REC 70-03 Sub-band P; CNAF,Sub-band P in Spain.,True,
869.4,869.65,CH,ITU Region 1 (CEPT),SRD Sub-band P — High-power SRDs / LoRaWAN RX2,Shared,"LoRaWAN RX2 downlink (869.525 MHz), alarms, higher-power SRDs. 500 mW, 10% duty cycle.","LoRaWAN gateways (Swisscom LPN), alarm systems","LoRaWAN: CSS. Alarms: FSK, OOK","500 mW ERP, 10% duty cycle",250,ETSI EN 300 220; ERC REC 70-03 Sub-band P; BAKOM NFAP,Sub-band P in Switzerland. Swisscom LPN gateways use 869.525 MHz for RX2.,True,
869.7,870,FR,ITU Region 1 (EU),SRD Sub-band Q — General SRDs,Shared,"General-purpose SRDs. 25 mW, 1% duty cycle. Used for telemetry, home automation, miscellaneous IoT.","Generic 868 MHz SRD modules, Z-Wave devices (EU frequency 869.85 MHz), home automation sensors","FSK, GFSK, OOK","25 mW ERP, 1% duty cycle",25,ETSI EN 300 220; ERC REC 70-03 Annex 1 Sub-band Q; ARCEP,Sub-band Q (869.7-870 MHz). Z-Wave EU operates at 869.85 MHz in this sub-band. This is the top edge of the EU SRD band.,True,
869.7,870,DE,ITU Region 1 (EU),SRD Sub-band Q — General SRDs,Shared,"General-purpose SRDs. 25 mW, 1% duty cycle. Z-Wave, home automation.","Z-Wave devices (Fibaro, Aeotec — EU 869.85 MHz), Homematic, generic SRD modules","FSK, GFSK, OOK","25 mW ERP, 1% duty cycle",25,ETSI EN 300 220; ERC REC 70-03 Sub-band Q; BNetzA Allgemeinzuteilung,"Sub-band Q in Germany. Z-Wave smart home devices (Fibaro, Aeotec EU versions) operate at 869.85 MHz.",True,
869.7,870,UK,ITU Region 1,SRD Sub-band Q — General SRDs,Shared,"General-purpose SRDs. 25 mW, 1% duty cycle.","Z-Wave devices (EU 869.85 MHz), generic SRD modules","FSK, GFSK, OOK","25 mW ERP, 1% duty cycle",25,Ofcom IR 2030; ETSI EN 300 220; ERC REC 70-03 Sub-band Q,Sub-band Q in UK.,True,
869.7,870,IT,ITU Region 1 (EU),SRD Sub-band Q — General SRDs,Shared,"General-purpose SRDs. 25 mW, 1% duty cycle.","Z-Wave devices (EU 869.85 MHz), generic SRD modules","FSK, GFSK, OOK","25 mW ERP, 1% duty cycle",25,ETSI EN 300 220; ERC REC 70-03 Sub-band Q; MIMIT,Sub-band Q in Italy.,True,
869.7,870,ES,ITU Region 1 (EU),SRD Sub-band Q — General SRDs,Shared,"General-purpose SRDs. 25 mW, 1% duty cycle.","Z-Wave devices (EU 869.85 MHz), generic SRD modules","FSK, GFSK, OOK","25 mW ERP, 1% duty cycle",25,ETSI EN 300 220; ERC REC 70-03 Sub-band Q; CNAF,Sub-band Q in Spain.,True,
869.7,870,CH,ITU Region 1 (CEPT),SRD Sub-band Q — General SRDs,Shared,"General-purpose SRDs. 25 mW, 1% duty cycle.","Z-Wave devices (EU 869.85 MHz), generic SRD modules","FSK, GFSK, OOK","25 mW ERP, 1% duty cycle",25,ETSI EN 300 220; ERC REC 70-03 Sub-band Q; BAKOM NFAP,Sub-band Q in Switzerland.,True,
869.7,870,RU,ITU Region 1,SRD / LoRaWAN (RU864),Shared,Part of the RU864 LoRaWAN band. SRDs.,"LoRaWAN devices (RU864 config), generic SRD modules","CSS (LoRaWAN), FSK",25 mW ERP,25,SCRF SRD Decision; LoRa Alliance RU864,Top of the RU864 LoRaWAN plan in Russia.,True,
821,832,US,ITU Region 2,Cellular (Upper 800 MHz SMR/Cellular),Allocated,This range in the US is part of the 800 MHz rebanding for public safety and SMR (Specialized Mobile Radio). Not a duplex gap like in EU. Includes public safety narrowband channels and SMR spectrum.,"Motorola APX series (public safety), Harris XL-200P, push-to-talk radios","P25 (Phase 1 C4FM, Phase 2 TDMA), FM (analog)",Per FCC Part 90 license,12.5,FCC 47 CFR Part 90 Subpart S (800 MHz rebanding); FCC 04-168,"US 800 MHz band plan is completely different from EU. The 821-832 MHz range in US is used for public safety and SMR, not as a guard band for LTE Band 20 (which does not exist in US).",True,
821,832,CN,ITU Region 3,MOBILE / Broadcasting,Allocated,Used for DTMB digital television and other radio services under MIIT regulation. Not an LTE duplex gap.,"DTMB receivers, set-top boxes",DTMB (TDS-OFDM),Per MIIT broadcast license,8000,MIIT Radio Regulations; GB/T 20600 (DTMB),China does not use EU Band 20 plan. This range is used for broadcasting/other services.,True,
832,862,US,ITU Region 2,Cellular / Public Safety (800 MHz band),Allocated,"US 800 MHz Cellular and Public Safety band. Includes ESMR (Enhanced Specialized Mobile Radio), cellular carrier spectrum (legacy AMPS, now LTE/5G). T-Mobile (ex-Sprint 800 MHz) holds ESMR spectrum here.","T-Mobile LTE devices (Band 26 subset), Motorola APX public safety radios","LTE (Band 26), P25, DMR",Per FCC Part 22/24/27/90 license,12.5,"FCC 47 CFR Parts 22, 24, 27, 90; 800 MHz Rebanding Order FCC 04-168","US 800 MHz band is used for cellular and public safety, NOT Band 20 LTE. T-Mobile acquired Sprint's 800 MHz ESMR spectrum. Band 26 (814-849/859-894 MHz) partially overlaps.",True,
832,862,CN,ITU Region 3,MOBILE / Broadcasting,Allocated,Used for DTMB digital television and China Mobile CDMA legacy / TD-LTE refarming. China Telecom formerly used 825-835/870-880 MHz for CDMA.,DTMB receivers; China Telecom CDMA legacy devices (being shut down),"DTMB, CDMA2000 (legacy, being decommissioned)",Per MIIT license,1250,MIIT Radio Regulations,Complex allocation in China. China Telecom's CDMA network in 800 MHz is being shut down. Some spectrum being refarmed to LTE/5G.,True,
870,874,FR,Europe / ITU Region 1,SRD (Short Range Devices),Allocated,"Non-specific SRD, alarms, social alarms, metering. ERC/REC 70-03 Annex 1 sub-band h1.7 (870-876 MHz). Includes Wize protocol for GRDF gas meters (Gazpar) on 868.95 MHz extending into this range.","Sigfox base stations (Thalès/Kerlink), LoRa EU868 extended channels, GRDF Gazpar gas meters (Wize 169/868 MHz), wireless alarm panels (Honeywell, Daitem, Visonic)","GFSK, LoRa CSS, DBPSK (Sigfox), Wize GFSK",25 mW ERP (non-specific SRD); up to 500 mW ERP for network-connected SRDs per EU Decision 2018/1538,200,ARCEP TNRBF / ERC/REC 70-03 Annex 1 / ETSI EN 300 220 / EU Decision 2018/1538,870-876 MHz is designated for SRD data networks under EU Decision 2018/1538. France implements this via ARCEP decisions. GRDF Wize metering at 868.95 MHz may overlap low edge.,True,
870,874,DE,Europe / ITU Region 1,SRD (Short Range Devices),Allocated,"Non-specific SRD, alarms, metering, data networks. ERC/REC 70-03 Annex 1. Network-connected SRDs under EU Decision 2018/1538.","LoRa EU868 extended channels, Sigfox base stations, Bosch IoT smart home sensors, Siemens smart metering gateways","GFSK, LoRa CSS, DBPSK (Sigfox)",25 mW ERP (non-specific SRD); up to 500 mW ERP for network-connected SRDs,200,BNetzA Allgemeinzuteilung Vfg 76/2003 / ERC/REC 70-03 / ETSI EN 300 220 / EU Decision 2018/1538,Germany implements the EU harmonised SRD band. BNetzA oversees allocations.,True,
870,874,UK,Europe / ITU Region 1,SRD (Short Range Devices),Allocated,"Non-specific SRD, alarms, metering, data networks. Post-Brexit UK retains the EU SRD framework via Ofcom IR 2030.","LoRa EU868 extended channels, Sigfox base stations, smart home sensors, wireless alarm systems (Yale, Texecom)","GFSK, LoRa CSS, DBPSK (Sigfox)",25 mW ERP (non-specific SRD); up to 500 mW ERP for data networks,200,Ofcom IR 2030 / ETSI EN 300 220 / UK SI 2010/2085 (Wireless Telegraphy Exemption Regulations),UK continues to follow CEPT/ECC framework post-Brexit for SRD allocations. Ofcom IR 2030 is the primary reference.,True,
870,874,ES,Europe / ITU Region 1,SRD (Short Range Devices),Allocated,"Non-specific SRD, alarms, metering, data networks per CNAF.","LoRa EU868 extended channels, Sigfox base stations, smart metering, wireless alarms","GFSK, LoRa CSS, DBPSK (Sigfox)",25 mW ERP (non-specific SRD); up to 500 mW ERP for network SRDs,200,CNAF (Cuadro Nacional de Atribucion de Frecuencias) nota UN-31 / ERC/REC 70-03 / EU Decision 2018/1538,Spain implements EU harmonised SRD allocations via CNAF managed by the Secretaria de Estado de Telecomunicaciones.,True,
870,874,IT,Europe / ITU Region 1,SRD (Short Range Devices),Allocated,"Non-specific SRD, alarms, metering, data networks per Piano Nazionale Ripartizione Frequenze.","LoRa EU868 extended channels, Sigfox base stations, smart meters, wireless alarm systems","GFSK, LoRa CSS, DBPSK (Sigfox)",25 mW ERP (non-specific SRD); up to 500 mW ERP for network SRDs,200,MIMIT (ex-MISE) Piano Nazionale Ripartizione Frequenze / ERC/REC 70-03 / EU Decision 2018/1538,Italy implements via MIMIT. Italian PNRF follows EU harmonised SRD framework.,True,
870,874,CH,Europe / ITU Region 1,SRD (Short Range Devices),Allocated,"Non-specific SRD, alarms, metering. Switzerland follows CEPT/ECC decisions as a CEPT member.","LoRa EU868 extended channels (Swisscom LPN), Sigfox, smart meters, wireless alarms","GFSK, LoRa CSS, DBPSK (Sigfox)",25 mW ERP (non-specific SRD); up to 500 mW ERP for network SRDs,200,OFCOM (Swiss) / BAKOM Frequenzzuweisungsplan / ERC/REC 70-03 / ETSI EN 300 220,Switzerland is not EU but is CEPT member. It follows ECC decisions and implements SRD allocations per BAKOM (now OFCOM Switzerland).,True,
870,876,US,ITU Region 2,Cellular (GSM 850 / LTE Band 5 adjacent),Allocated,This range falls within US cellular allocations. 869-894 MHz is the cellular A/B downlink (FCC Part 22/24). No SRD allocation exists here in the US.,"Cellular base stations (Ericsson, Nokia), smartphones (all major), Verizon/AT&T/T-Mobile infrastructure","OFDMA (LTE), WCDMA (UMTS), GMSK (GSM legacy)",Licensed: Up to 500W ERP per sector (base station); mobile 0.2-2W,,FCC 47 CFR Part 22 (Cellular) / Part 24 (PCS) / Part 27 (Misc Wireless),870-876 MHz in the US is licensed cellular spectrum (part of the 850 MHz cellular band downlink 869-894 MHz). No ISM/SRD usage exists here. US uses 902-928 MHz for ISM/SRD instead.,True,
870,876,CN,ITU Region 3,MOBILE (Cellular),Allocated,Part of China's 800/900 MHz mobile allocation. China Telecom CDMA 800 (Band Class 0) downlink overlaps partially. 870-876 MHz is also used for some IoT applications under MIIT regulations.,"China Telecom CDMA handsets (legacy), NB-IoT modules (Quectel BC95, Huawei ME909s)","CDMA2000, NB-IoT (OFDMA DL / SC-FDMA UL)",Licensed cellular: base station power per MIIT license,,MIIT Radio Regulation Bureau / China Radio Regulations / 3GPP Band 5 (CDMA re-use),"China does not have an 868 MHz SRD band equivalent. IoT applications (NB-IoT, LoRa) use different bands under MIIT approval. LoRa in China uses 470-510 MHz (CN470 plan).",True,
870,876,RU,ITU Region 1,SRD / MOBILE,Shared,Russia allows some SRD usage in 868-869 MHz band under GRFC Decision No. 18-46-03-1 but the 870-876 MHz range is primarily reserved for mobile/fixed services. Limited SRD expansion compared to EU.,"Limited SRD devices; Russian mobile operators (MTS, MegaFon, Beeline) may have allocations here","GFSK (SRD), various cellular",SRD: 25 mW ERP (868-869 MHz only); cellular: licensed,,GRFC (State Radio Frequencies Commission) Decision No. 18-46-03-1 / Russian Table of Radio Frequency Allocations (TRFA),Russia's SRD band is narrower than EU: mainly 864-870 MHz with strict power limits. 870-876 MHz is not designated for SRD data networks as in EU. Russian IoT (LoRa) uses 864-870 MHz.,True,
874,874.4,FR,Europe / ITU Region 1,SRD Data Networks (Network-connected SRDs),Allocated,"Minimum core band for network-connected SRDs per EU Decision 2018/1538. Used by Sigfox base stations for downlink, advanced metering infrastructure (AMI).","Sigfox base stations (Kerlink, Thalès), AMI gateways, smart grid concentrators","DBPSK (Sigfox downlink), GFSK",500 mW ERP (25 mW/200 kHz for non-specific SRD; 500 mW for data network SRDs),200,EU Decision 2018/1538 Article 4(2) / ECC/DEC/(06)08 / ARCEP TNRBF,This is the minimum mandatory core sub-band that all EU member states must make available for network-connected SRDs. France fully implements this.,True,
874,874.4,DE,Europe / ITU Region 1,SRD Data Networks (Network-connected SRDs),Allocated,Minimum core band for network-connected SRDs per EU Decision 2018/1538.,"Sigfox base stations, AMI gateways, smart grid concentrators","DBPSK (Sigfox downlink), GFSK",500 mW ERP,200,EU Decision 2018/1538 / BNetzA Allgemeinzuteilung / ECC/DEC/(06)08,Germany implements the mandatory minimum core sub-band.,True,
874,874.4,UK,Europe / ITU Region 1,SRD Data Networks (Network-connected SRDs),Allocated,Network-connected SRDs. UK retained this post-Brexit under Ofcom framework.,"Sigfox base stations, AMI gateways","DBPSK (Sigfox downlink), GFSK",500 mW ERP,200,Ofcom IR 2030 / ETSI EN 300 220,UK continues to implement this sub-band post-Brexit.,True,
874,874.4,ES,Europe / ITU Region 1,SRD Data Networks (Network-connected SRDs),Allocated,Minimum core band for network-connected SRDs.,"Sigfox base stations, AMI gateways","DBPSK (Sigfox downlink), GFSK",500 mW ERP,200,CNAF / EU Decision 2018/1538 / ECC/DEC/(06)08,Spain implements per CNAF and EU obligations.,True,
874,874.4,IT,Europe / ITU Region 1,SRD Data Networks (Network-connected SRDs),Allocated,Minimum core band for network-connected SRDs.,"Sigfox base stations, AMI gateways","DBPSK (Sigfox downlink), GFSK",500 mW ERP,200,MIMIT / EU Decision 2018/1538 / ECC/DEC/(06)08,Italy implements the mandatory SRD data network sub-band.,True,
874,874.4,CH,Europe / ITU Region 1,SRD Data Networks (Network-connected SRDs),Allocated,Network-connected SRDs. Switzerland follows CEPT decisions.,"Sigfox base stations, AMI gateways, Swisscom LPN LoRa concentrators","DBPSK (Sigfox downlink), GFSK",500 mW ERP,200,OFCOM (Swiss) / ECC/DEC/(06)08 / ETSI EN 300 220,Switzerland follows ECC decisions as CEPT member despite not being EU.,True,
917.4,919.4,FR,Europe / ITU Region 1,SRD Data Networks (Network-connected SRDs) - paired band,Allocated,Paired minimum core band (with 874-874.4 MHz) for network-connected SRDs per EU Decision 2018/1538. Used for Sigfox uplink and AMI return channels.,"Sigfox endpoints (sensors, meters), smart meters with Sigfox modules, AMI endpoints","DBPSK (Sigfox UL), UNB (Ultra Narrow Band)",500 mW ERP,200,EU Decision 2018/1538 / ARCEP TNRBF / ECC/DEC/(06)08,This is the upper paired sub-band for SRD data networks. 917.4-919.4 MHz pairs with 874-874.4 MHz as the minimum core.,True,
917.4,919.4,DE,Europe / ITU Region 1,SRD Data Networks (Network-connected SRDs) - paired band,Allocated,Paired minimum core band for network-connected SRDs.,"Sigfox endpoints, smart meters with Sigfox modules","DBPSK (Sigfox UL), UNB",500 mW ERP,200,EU Decision 2018/1538 / BNetzA / ECC/DEC/(06)08,Germany implements the paired SRD data network core sub-band.,True,
917.4,919.4,UK,Europe / ITU Region 1,SRD Data Networks (Network-connected SRDs) - paired band,Allocated,Paired minimum core band for network-connected SRDs. UK retains post-Brexit.,"Sigfox endpoints, smart meters","DBPSK (Sigfox UL), UNB",500 mW ERP,200,Ofcom IR 2030 / ETSI EN 300 220,UK retained this allocation post-Brexit.,True,
917.4,919.4,ES,Europe / ITU Region 1,SRD Data Networks (Network-connected SRDs) - paired band,Allocated,Paired minimum core band for network-connected SRDs.,"Sigfox endpoints, smart meters","DBPSK (Sigfox UL), UNB",500 mW ERP,200,CNAF / EU Decision 2018/1538,Spain implements paired SRD data network sub-band.,True,
917.4,919.4,IT,Europe / ITU Region 1,SRD Data Networks (Network-connected SRDs) - paired band,Allocated,Paired minimum core band for network-connected SRDs.,"Sigfox endpoints, smart meters","DBPSK (Sigfox UL), UNB",500 mW ERP,200,MIMIT / EU Decision 2018/1538,Italy implements paired SRD data network sub-band.,True,
917.4,919.4,CH,Europe / ITU Region 1,SRD Data Networks (Network-connected SRDs) - paired band,Allocated,Paired minimum core band for network-connected SRDs.,"Sigfox endpoints, smart meters, Swisscom LPN devices","DBPSK (Sigfox UL), UNB",500 mW ERP,200,OFCOM (Swiss) / ECC/DEC/(06)08,Switzerland implements as CEPT member.,True,
880,890,FR,Europe / ITU Region 1,MOBILE (E-GSM-900 Uplink),Allocated,"Extended GSM-900 uplink. Used by Orange France, SFR, Bouygues Telecom for 2G GSM and refarmed to 4G LTE Band 8 / 5G NR n8. French 2G sunset planned 2025-2028 (Orange committed to end 2G by end 2025).","All GSM/LTE/5G smartphones (Apple iPhone, Samsung Galaxy, etc.), Nokia/Ericsson base stations, Huawei RRU 3953","GMSK (GSM), QPSK/16QAM (UMTS), OFDMA/SC-FDMA (LTE), 5G NR OFDM","Mobile: 2W (33 dBm) GSM, 0.25W (24 dBm) LTE; Base station: licensed per ARCEP authorization",200,ARCEP Decision n° 2015-1485 / ETSI TS 145 005 / 3GPP TS 36.101 (Band 8) / 3GPP TS 38.101 (n8),E-GSM-900 extension (880-890 MHz uplink / 925-935 MHz downlink) was opened in EU by ECC/DEC/(06)13. Orange FR has announced 2G shutdown by end 2025; SFR and Bouygues plan through 2028.,True,
880,890,DE,Europe / ITU Region 1,MOBILE (E-GSM-900 Uplink),Allocated,"Extended GSM-900 uplink. Deutsche Telekom, Vodafone Germany, O2 (Telefonica Germany). 2G being refarmed to LTE Band 8. Vodafone DE shut down 3G in 2021; 2G shutdown discussions ongoing.","All GSM/LTE smartphones, Ericsson AIR 6488 base stations, Nokia AirScale","GMSK (GSM), QPSK/16QAM (UMTS), OFDMA (LTE)",Mobile: 2W GSM / 0.25W LTE; Base station: per BNetzA license,200,BNetzA frequency usage plan / TKG / ECC/DEC/(06)13 / 3GPP TS 36.101 Band 8,"German operators hold E-GSM-900 licenses. Telekom DE and Vodafone DE have announced plans to sunset 2G, but no firm date set as of 2025.",True,
880,890,UK,Europe / ITU Region 1,MOBILE (E-GSM-900 Uplink),Allocated,"Extended GSM-900 uplink. EE (BT), Three, O2 (VMO2), Vodafone UK. 2G/3G sunset underway: Vodafone UK plans 3G shutdown by 2024, 2G by 2033; Three UK has no 900 MHz allocation.","All GSM/LTE smartphones, Ericsson/Nokia base stations","GMSK (GSM), OFDMA (LTE Band 8)",Mobile: 2W GSM / 0.25W LTE; Base station: per Ofcom license,200,Ofcom UK Plan for Frequency Authorisation / Wireless Telegraphy Act 2006 / ECC/DEC/(06)13,"In UK, Vodafone and O2 (VMO2) hold 900 MHz spectrum. EE has some 900 MHz. Three has no 900 MHz allocation.",True,
880,890,ES,Europe / ITU Region 1,MOBILE (E-GSM-900 Uplink),Allocated,"Extended GSM-900 uplink. Movistar (Telefonica), Orange Spain, Vodafone Spain. Refarming to LTE Band 8.","All GSM/LTE smartphones, Ericsson/Huawei/Nokia base stations","GMSK (GSM), OFDMA (LTE Band 8)",Mobile: 2W GSM / 0.25W LTE; Base station: per CNMC license,200,CNAF / Secretaria de Estado de Telecomunicaciones / ECC/DEC/(06)13 / 3GPP Band 8,Spanish operators hold 900 MHz licenses. 2G remains important for rural coverage.,True,
880,890,IT,Europe / ITU Region 1,MOBILE (E-GSM-900 Uplink),Allocated,"Extended GSM-900 uplink. TIM (Telecom Italia), Vodafone Italy, Wind Tre (WINDTRE). Refarming to LTE Band 8.","All GSM/LTE smartphones, Ericsson/Nokia/ZTE base stations","GMSK (GSM), OFDMA (LTE Band 8)",Mobile: 2W GSM / 0.25W LTE; Base station: per AGCOM/MIMIT license,200,MIMIT / AGCOM / ECC/DEC/(06)13 / Piano Nazionale Ripartizione Frequenze,Italian operators maintain 2G on 900 MHz for IoT/M2M and rural coverage while refarming to 4G.,True,
880,890,CH,Europe / ITU Region 1,MOBILE (E-GSM-900 Uplink),Allocated,"Extended GSM-900 uplink. Swisscom (shut down 2G on April 6, 2021 -- first major European operator), Sunrise, Salt. Band refarmed to LTE/5G.","LTE/5G smartphones, Ericsson/Nokia/Huawei base stations","OFDMA (LTE Band 8), 5G NR n8",Mobile: 0.25W (LTE); Base station: per OFCOM (Swiss) license,,OFCOM (Swiss) / Swiss Telecommunications Act (TCA) / 3GPP Band 8 / n8,"Swisscom shut down 2G on April 6, 2021. Sunrise and Salt have also ceased 2G. 900 MHz is now used for LTE Band 8 and 5G NR n8 only in Switzerland.",True,
880,890,RU,ITU Region 1,MOBILE (E-GSM-900 Uplink),Allocated,"Extended GSM-900 uplink. MTS, MegaFon, Beeline (VEON), Tele2 Russia. GSM-900 and LTE Band 8 refarming.","All GSM/LTE smartphones, Ericsson/Nokia/Huawei base stations","GMSK (GSM), OFDMA (LTE Band 8)",Mobile: 2W GSM / 0.25W LTE; Base station: per Roskomnadzor license,200,Russian Table of Radio Frequency Allocations (TRFA) / GRFC decisions / Roskomnadzor,"Russian operators extensively use 900 MHz GSM. LTE Band 8 refarming is proceeding but 2G remains heavily used, especially in rural areas.",True,
880,890,CN,ITU Region 3,MOBILE (GSM-900 Uplink),Allocated,"China Mobile GSM-900 uplink. Being refarmed to 4G LTE Band 8 and 5G NR n8. China Mobile has the world's largest GSM-900 network, now being systematically refarmed.","GSM/LTE/5G smartphones, Huawei/ZTE/Ericsson base stations","GMSK (GSM), OFDMA (LTE Band 8), 5G NR OFDM (n8)",Licensed per MIIT authorization,200,MIIT Radio Regulation Bureau / China Radio Regulations / 3GPP Band 8 / n8,China Mobile holds 880-890/925-935 MHz (E-GSM equivalent). Aggressive refarming to 4G/5G NR n8 underway as China accelerates 2G/3G sunset (target ~2025-2026).,True,
880,890,US,ITU Region 2,MOBILE (Cellular 850 MHz),Allocated,"Part of US 850 MHz cellular band (Band 5/26). 880-890 MHz falls in the upper portion of the CLR/CLA downlink (869-894 MHz). AT&T, Verizon (legacy CDMA shutdown), T-Mobile. US does NOT use GSM-900 -- US used 850 MHz (Band 5) and 1900 MHz (Band 2) for GSM.","All US cellular smartphones, AT&T FirstNet devices, Ericsson/Nokia base stations","OFDMA (LTE Band 5/26), CDMA2000 (legacy, sunset)",Licensed per FCC authorization; mobile up to 23 dBm (LTE),,FCC 47 CFR Part 22 / Part 24 / Part 27 / 3GPP Band 5 (824-849/869-894 MHz) / Band 26,The US NEVER deployed GSM-900. US GSM was on 850 MHz (Band 5: 824-849 UL / 869-894 DL) and 1900 MHz (Band 2). 880-890 MHz is part of the 850 MHz cellular downlink band in the US.,True,
890,915,FR,Europe / ITU Region 1,MOBILE (P-GSM-900 / UMTS-900 / LTE Band 8 Uplink),Allocated,"Primary GSM-900 uplink (P-GSM-900). Orange FR (10 MHz + 5 MHz paired), SFR (10 MHz), Bouygues Telecom (5 MHz). 2G/3G being refarmed to LTE Band 8 and 5G NR n8. Orange 2G shutdown target: end 2025.","All smartphones supporting Band 8, Nokia/Ericsson/Huawei RAN equipment, IoT M2M modules (Quectel, u-blox, Telit)","GMSK (GSM), QPSK/16QAM (UMTS/HSPA), SC-FDMA (LTE UL), 5G NR CP-OFDM","Mobile: 2W (33 dBm) GSM, 0.2W (23 dBm) LTE; Base station: per ARCEP license",200,ARCEP Decision n° 2015-1485 / ETSI TS 145 005 / 3GPP TS 36.101 Band 8 (880-915/925-960),"Primary GSM-900 uplink band. All EU countries allocate 890-915 UL / 935-960 DL for mobile. France assigned by ARCEP to Orange, SFR, and Bouygues.",True,
890,915,DE,Europe / ITU Region 1,MOBILE (P-GSM-900 / UMTS-900 / LTE Band 8 Uplink),Allocated,"Primary GSM-900 uplink. Deutsche Telekom, Vodafone Germany, O2 (Telefonica DE). Being refarmed to LTE Band 8. 3G sunset completed (Vodafone DE 2021, Telekom 2021, O2 end 2022).","All smartphones supporting Band 8, Nokia/Ericsson RAN, IoT modules","GMSK (GSM), QPSK (UMTS), SC-FDMA (LTE UL)",Mobile: 2W GSM / 0.2W LTE; Base station: per BNetzA license,200,BNetzA Frequenznutzungsplan / TKG / 3GPP Band 8,All three German operators completed 3G shutdown. 900 MHz now split between residual 2G and LTE Band 8.,True,
890,915,UK,Europe / ITU Region 1,MOBILE (P-GSM-900 / UMTS-900 / LTE Band 8 Uplink),Allocated,"Primary GSM-900 uplink. Vodafone UK (2x17.4 MHz of 900 MHz), O2/VMO2 (2x17.4 MHz), EE (some). Three UK has no 900 MHz. 3G shutdowns underway (Vodafone UK 3G off by 2024).","All smartphones supporting Band 8, Nokia/Ericsson RAN equipment","GMSK (GSM), QPSK (UMTS/HSPA), SC-FDMA (LTE UL)",Mobile: 2W GSM / 0.2W LTE; Base station: per Ofcom license,200,Ofcom UK Plan for Frequency Authorisation / Wireless Telegraphy Act 2006 / 3GPP Band 8,Vodafone UK and O2 are the primary 900 MHz holders. Three has no 900 MHz spectrum.,True,
890,915,ES,Europe / ITU Region 1,MOBILE (P-GSM-900 / UMTS-900 / LTE Band 8 Uplink),Allocated,"Primary GSM-900 uplink. Movistar (Telefonica), Orange Spain, Vodafone Spain, Masmovil/Yoigo (some spectrum).","All smartphones supporting Band 8, Nokia/Ericsson/Huawei RAN","GMSK (GSM), SC-FDMA (LTE UL)",Mobile: 2W GSM / 0.2W LTE; Base station: per CNMC/SETSI license,200,CNAF / SETSI / 3GPP Band 8,"Spanish 900 MHz auction held, spectrum assigned to major MNOs. 2G still in use for rural and M2M.",True,
890,915,IT,Europe / ITU Region 1,MOBILE (P-GSM-900 / UMTS-900 / LTE Band 8 Uplink),Allocated,"Primary GSM-900 uplink. TIM, Vodafone Italy, WINDTRE. Refarming to LTE Band 8 ongoing.","All smartphones supporting Band 8, Ericsson/Nokia/ZTE RAN","GMSK (GSM), SC-FDMA (LTE UL)",Mobile: 2W GSM / 0.2W LTE; Base station: per AGCOM license,200,MIMIT / AGCOM / Piano Nazionale Ripartizione Frequenze / 3GPP Band 8,Italy's three MNOs hold 900 MHz spectrum. 2G remains for IoT/M2M use cases.,True,
890,915,CH,Europe / ITU Region 1,MOBILE (LTE Band 8 / 5G NR n8 Uplink),Allocated,"GSM-900 uplink fully refarmed. Swisscom, Sunrise, Salt. Swisscom 2G shutdown April 2021. All Swiss operators now use 900 MHz for LTE Band 8 and/or 5G NR n8 only.","LTE/5G smartphones, Ericsson/Nokia/Huawei RAN, IoT LTE-M/NB-IoT modules","SC-FDMA (LTE UL), 5G NR CP-OFDM",Mobile: 0.2W (23 dBm) LTE; Base station: per OFCOM (Swiss) license,,OFCOM (Swiss) / Swiss TCA / 3GPP Band 8 / n8,Switzerland is the most advanced in 900 MHz refarming: no 2G remaining. Pure LTE/5G usage.,True,
890,915,RU,ITU Region 1,MOBILE (P-GSM-900 / LTE Band 8 Uplink),Allocated,"Primary GSM-900 uplink. MTS, MegaFon, Beeline (VEON), Tele2 Russia. Some LTE Band 8 refarming, but GSM-900 remains the primary technology.","All GSM/LTE smartphones, Huawei/Nokia/Ericsson RAN (post-sanctions: increased domestic/Chinese equipment)","GMSK (GSM), SC-FDMA (LTE UL)",Mobile: 2W GSM / 0.2W LTE; Base station: per Roskomnadzor license,200,Russian TRFA / GRFC / Roskomnadzor spectrum licenses,Russia's four MNOs all hold 900 MHz licenses. GSM-900 remains widely deployed due to vast rural coverage needs. LTE Band 8 refarming slower than in Western Europe.,True,
890,915,CN,ITU Region 3,MOBILE (GSM-900 / LTE Band 8 / 5G NR n8 Uplink),Allocated,"China Mobile GSM-900 uplink (890-909 MHz), China Unicom GSM-900 uplink (909-915 MHz). Being refarmed to LTE Band 8 and 5G NR n8. China has ~300 million remaining 2G users being migrated.","Huawei/ZTE/Xiaomi/Oppo smartphones, Huawei/ZTE base stations, IoT NB-IoT modules","GMSK (GSM), SC-FDMA (LTE UL), 5G NR CP-OFDM",Licensed per MIIT authorization,200,MIIT Radio Regulation Bureau / 3GPP Band 8 / n8,China Mobile and China Unicom share 890-915 MHz. Massive refarming campaign underway. China Mobile received approval to refarm 900 MHz to 5G NR n8 in 2023.,True,
890,915,US,ITU Region 2,MOBILE (Cellular 850 MHz uplink) / ISM 902-928 MHz,Allocated,"890-894 MHz: Part of 850 MHz cellular uplink (Band 5: 824-849 MHz UL / 869-894 MHz DL) -- note: 890-894 is DOWNLINK in US, not uplink. 894-902 MHz: Guard/transition. 902-915 MHz: ISM band (lower portion of 902-928 MHz). The US does NOT have GSM-900.","890-894: Cellular base stations, smartphones; 902-915: LoRa US915 (channels 0-31), RFID readers (Impinj Speedway R420), Z-Wave US (908.42 MHz), Amazon Sidewalk","Cellular: OFDMA (LTE); ISM: LoRa CSS, FHSS, DSSS, FSK",Cellular: licensed; ISM (902-928): 1W conducted (30 dBm) for FHSS/DSSS per FCC Part 15.247,,FCC 47 CFR Part 22/24/27 (cellular) / FCC 47 CFR Part 15.247 (ISM 902-928) / Part 15.249,"Critical US/EU difference: 890-915 MHz in EU is GSM-900 uplink; in US, 869-894 is cellular 850 downlink, and 902-928 is ISM. There is NO overlap in usage pattern.",True,
902,928,US,ITU Region 2,"ISM / SRD (Industrial, Scientific, Medical)",Shared,"Primary US ISM/SRD band. Applications: LoRaWAN US915 (64 uplink channels 902.3-914.9 MHz / 8 downlink channels 923.3-927.5 MHz), Z-Wave US (908.42 MHz), Amazon Sidewalk 900 MHz (Ring/Echo devices), Wi-SUN (smart grid), UHF RFID (902-928 MHz), Zigbee 900 (sub-GHz variant), Wireless M-Bus US variant, Itron/Sensus smart meters (OpenWay Riva), cordless phones (legacy 900 MHz), amateur radio 33cm band (secondary).","Semtech SX1276/SX1262 LoRa transceivers, Aeotec Z-Stick 7 (Z-Wave 908.42 MHz), Fibaro Z-Wave Plus, Zooz ZST39 800LR, Impinj Speedway R420 (RFID reader), Alien ALR-F800 RFID reader, Zebra FX9600 RFID reader, Amazon Ring Doorbell (Sidewalk), Amazon Echo 4th gen (Sidewalk), Itron OpenWay Riva smart meter, Sensus FlexNet, RAK Wireless RAK2287 (US915 LoRa), Dragino LPS8N (US915 gateway), Kerlink Wirnet iFemtoCell US","LoRa CSS (SF7-SF12), FHSS (FCC Part 15.247), DSSS (FCC Part 15.247), FSK (Z-Wave), ASK/PIE (RFID EPC Gen2), GFSK (Sidewalk)",FHSS: up to 1W (30 dBm) conducted + 6 dBi antenna = 36 dBm EIRP; DSSS: up to 1W conducted; Narrowband (non-hopping): 0.75 mW (-1.25 dBm) per FCC 15.249; RFID: up to 4W EIRP (36 dBm) per FCC Part 15.247,125,"FCC 47 CFR Part 15.247 (FHSS/DSSS), Part 15.249 (narrowband), Part 97 (amateur 902-928 secondary)","This ISM band exists ONLY in ITU Region 2 (Americas). It does NOT exist in Europe, China, or Russia. EU uses 863-870 MHz SRD band instead. LoRaWAN US915 plan: 64 x 125kHz uplink channels (902.3-914.9 MHz, 200 kHz spacing), 8 x 500kHz uplink channels (903-914.9 MHz), 8 x 500kHz downlink channels (923.3-927.5 MHz).",True,
902,928,FR,Europe / ITU Region 1,NOT AVAILABLE (No ISM 902-928 MHz in Europe),Allocated,This band is allocated to MOBILE (GSM-900 downlink from 925 MHz) and other services in Europe. There is NO ISM 902-928 MHz allocation in France or any EU/CEPT country.,N/A for ISM. Band used for GSM-900 downlink (925-960) and SRD data networks (915-921),N/A for ISM,N/A for ISM,,ITU Radio Regulations Article 5 / ARCEP TNRBF,"IMPORTANT: 902-928 MHz ISM does NOT exist in Region 1 (Europe/Africa). Devices designed for US ISM 902-928 MHz (Z-Wave US, LoRa US915, US RFID readers) are ILLEGAL to operate in Europe. EU equivalents operate on 868 MHz band.",True,
902,928,DE,Europe / ITU Region 1,NOT AVAILABLE (No ISM 902-928 MHz in Europe),Allocated,This band is allocated to MOBILE (GSM-900) in Germany. No ISM allocation.,N/A for ISM,N/A for ISM,N/A for ISM,,BNetzA Frequenznutzungsplan / ITU RR,902-928 MHz ISM does NOT exist in Germany or any European country. This is licensed mobile spectrum.,True,
902,928,UK,Europe / ITU Region 1,NOT AVAILABLE (No ISM 902-928 MHz),Allocated,Licensed mobile spectrum in UK. No ISM allocation.,N/A for ISM,N/A for ISM,N/A for ISM,,Ofcom UK Plan for Frequency Authorisation,902-928 MHz ISM does NOT exist in UK. This remains true post-Brexit.,True,
902,928,ES,Europe / ITU Region 1,NOT AVAILABLE (No ISM 902-928 MHz),Allocated,Licensed mobile spectrum in Spain. No ISM allocation.,N/A for ISM,N/A for ISM,N/A for ISM,,CNAF,902-928 MHz ISM does NOT exist in Spain or any EU country.,True,
902,928,IT,Europe / ITU Region 1,NOT AVAILABLE (No ISM 902-928 MHz),Allocated,Licensed mobile spectrum in Italy. No ISM allocation.,N/A for ISM,N/A for ISM,N/A for ISM,,MIMIT / PNRF,902-928 MHz ISM does NOT exist in Italy.,True,
902,928,CH,Europe / ITU Region 1,NOT AVAILABLE (No ISM 902-928 MHz),Allocated,Licensed mobile spectrum in Switzerland. No ISM allocation.,N/A for ISM,N/A for ISM,N/A for ISM,,OFCOM (Swiss) / BAKOM,902-928 MHz ISM does NOT exist in Switzerland.,True,
902,928,CN,ITU Region 3,NOT AVAILABLE (No ISM 902-928 MHz in China),Allocated,This band is allocated to MOBILE and RADIOLOCATION services in China. China does NOT have a 902-928 MHz ISM band. Chinese LoRa uses 470-510 MHz (CN470 plan).,N/A for ISM. Chinese RFID UHF uses 920-925 MHz under separate MIIT regulation.,N/A for ISM,N/A for ISM (Chinese RFID UHF 920-925 MHz: 2W ERP per MIIT Regulation [2007] No. 16),,MIIT Radio Regulation Bureau / China Radio Regulations,"China does NOT have 902-928 MHz ISM. However, China permits UHF RFID in 920-925 MHz under a separate MIIT regulation (not ISM). Chinese LoRaWAN uses 470-510 MHz (CN470), NOT 900 MHz.",True,
902,928,RU,ITU Region 1,NOT AVAILABLE (No ISM 902-928 MHz in Russia),Allocated,This band is allocated to MOBILE (GSM-900) and RADIOLOCATION in Russia. No ISM allocation. Russian LoRa uses 864-870 MHz (RU864 plan).,N/A for ISM,N/A for ISM,N/A for ISM,,Russian TRFA / GRFC,Russia does NOT have 902-928 MHz ISM. Russian LoRaWAN uses 864-870 MHz (RU864 plan) per GRFC Decision.,True,
925,935,FR,Europe / ITU Region 1,MOBILE (E-GSM-900 Downlink),Allocated,"Extended GSM-900 downlink (paired with 880-890 MHz uplink). Orange, SFR, Bouygues Telecom. Being refarmed to LTE Band 8 / 5G NR n8 downlink.","All smartphones, base station transmitters (Nokia AirScale, Ericsson AIR 6449)","GMSK (GSM), QPSK/16QAM/64QAM (LTE DL OFDMA), 5G NR OFDM",Base station: up to 60 dBm EIRP (typical 43-46 dBm per carrier); Mobile RX only,200,ARCEP / ECC/DEC/(06)13 / 3GPP Band 8 (925-960 DL),"E-GSM-900 downlink extension, paired with 880-890 MHz uplink.",True,
925,935,DE,Europe / ITU Region 1,MOBILE (E-GSM-900 Downlink),Allocated,"Extended GSM-900 downlink. Deutsche Telekom, Vodafone Germany, O2. Refarmed to LTE Band 8 DL.","All smartphones, Nokia/Ericsson base stations","GMSK (GSM), OFDMA (LTE DL)",Base station: per BNetzA license (typical 43-46 dBm),200,BNetzA / ECC/DEC/(06)13 / 3GPP Band 8,"E-GSM-900 downlink, paired with 880-890 MHz uplink.",True,
925,935,UK,Europe / ITU Region 1,MOBILE (E-GSM-900 Downlink),Allocated,"Extended GSM-900 downlink. Vodafone UK, O2/VMO2, EE.","All smartphones, Nokia/Ericsson base stations","GMSK (GSM), OFDMA (LTE DL)",Base station: per Ofcom license,200,Ofcom / ECC/DEC/(06)13 / 3GPP Band 8,"E-GSM-900 downlink, paired with 880-890 MHz uplink.",True,
925,935,ES,Europe / ITU Region 1,MOBILE (E-GSM-900 Downlink),Allocated,"Extended GSM-900 downlink. Movistar, Orange Spain, Vodafone Spain.","All smartphones, Ericsson/Huawei/Nokia base stations","GMSK (GSM), OFDMA (LTE DL)",Base station: per SETSI license,200,CNAF / SETSI / 3GPP Band 8,E-GSM-900 downlink.,True,
925,935,IT,Europe / ITU Region 1,MOBILE (E-GSM-900 Downlink),Allocated,"Extended GSM-900 downlink. TIM, Vodafone Italy, WINDTRE.","All smartphones, Ericsson/Nokia/ZTE base stations","GMSK (GSM), OFDMA (LTE DL)",Base station: per AGCOM license,200,MIMIT / AGCOM / 3GPP Band 8,E-GSM-900 downlink.,True,
925,935,CH,Europe / ITU Region 1,MOBILE (LTE Band 8 / 5G NR n8 Downlink),Allocated,"E-GSM-900 downlink fully refarmed to LTE/5G. Swisscom, Sunrise, Salt.","LTE/5G smartphones, Ericsson/Nokia base stations","OFDMA (LTE DL), 5G NR OFDM",Base station: per OFCOM (Swiss) license,,OFCOM (Swiss) / 3GPP Band 8 / n8,No 2G remaining in Switzerland. Pure LTE/5G on E-GSM-900 downlink.,True,
925,935,RU,ITU Region 1,MOBILE (E-GSM-900 Downlink),Allocated,"Extended GSM-900 downlink. MTS, MegaFon, Beeline, Tele2.","All GSM/LTE smartphones, Huawei/Nokia/Ericsson base stations","GMSK (GSM), OFDMA (LTE DL)",Base station: per Roskomnadzor license,200,Russian TRFA / Roskomnadzor,E-GSM-900 downlink. GSM remains primary in many areas.,True,
925,935,CN,ITU Region 3,MOBILE (GSM-900 / LTE Band 8 / 5G NR n8 Downlink),Allocated,"China Mobile GSM-900 downlink, being refarmed to LTE/5G NR n8.","Huawei/ZTE/Xiaomi/Oppo smartphones, Huawei/ZTE base stations","GMSK (GSM), OFDMA (LTE DL), 5G NR OFDM",Licensed per MIIT,200,MIIT / 3GPP Band 8 / n8,China Mobile E-GSM-900 downlink. Refarming to 5G NR n8 approved 2023.,True,
935,960,FR,Europe / ITU Region 1,MOBILE (P-GSM-900 / UMTS-900 / LTE Band 8 Downlink),Allocated,"Primary GSM-900 downlink (paired with 890-915 MHz uplink). Orange FR, SFR, Bouygues Telecom. Being refarmed to LTE Band 8 and 5G NR n8 downlink.","All smartphones supporting Band 8, Nokia/Ericsson/Huawei base stations","GMSK (GSM), QPSK/16QAM/64QAM (LTE DL OFDMA), 5G NR OFDM",Base station: up to 60 dBm EIRP; Mobile RX only on downlink,200,ARCEP / ETSI TS 145 005 / 3GPP Band 8 (935-960 DL) / n8,"P-GSM-900 downlink, paired with 890-915 MHz uplink. This is the primary 900 MHz mobile downlink band across all EU countries.",True,
935,960,DE,Europe / ITU Region 1,MOBILE (P-GSM-900 / LTE Band 8 Downlink),Allocated,"Primary GSM-900 downlink. Telekom, Vodafone, O2.","All smartphones, Nokia/Ericsson base stations","GMSK (GSM), OFDMA (LTE DL)",Base station: per BNetzA license,200,BNetzA / 3GPP Band 8,P-GSM-900 downlink.,True,
935,960,UK,Europe / ITU Region 1,MOBILE (P-GSM-900 / LTE Band 8 Downlink),Allocated,"Primary GSM-900 downlink. Vodafone UK, O2/VMO2, EE.","All smartphones, Nokia/Ericsson base stations","GMSK (GSM), OFDMA (LTE DL)",Base station: per Ofcom license,200,Ofcom / 3GPP Band 8,P-GSM-900 downlink.,True,
935,960,ES,Europe / ITU Region 1,MOBILE (P-GSM-900 / LTE Band 8 Downlink),Allocated,"Primary GSM-900 downlink. Movistar, Orange ES, Vodafone ES.","All smartphones, Ericsson/Huawei/Nokia base stations","GMSK (GSM), OFDMA (LTE DL)",Base station: per SETSI license,200,CNAF / SETSI / 3GPP Band 8,P-GSM-900 downlink.,True,
935,960,IT,Europe / ITU Region 1,MOBILE (P-GSM-900 / LTE Band 8 Downlink),Allocated,"Primary GSM-900 downlink. TIM, Vodafone IT, WINDTRE.","All smartphones, Ericsson/Nokia/ZTE base stations","GMSK (GSM), OFDMA (LTE DL)",Base station: per AGCOM license,200,MIMIT / AGCOM / 3GPP Band 8,P-GSM-900 downlink.,True,
935,960,CH,Europe / ITU Region 1,MOBILE (LTE Band 8 / 5G NR n8 Downlink),Allocated,"P-GSM-900 downlink fully refarmed to LTE/5G. Swisscom, Sunrise, Salt.","LTE/5G smartphones, Ericsson/Nokia base stations","OFDMA (LTE DL), 5G NR OFDM",Base station: per OFCOM (Swiss) license,,OFCOM (Swiss) / 3GPP Band 8 / n8,No 2G in Switzerland since April 2021. Full LTE/5G on P-GSM-900 downlink.,True,
935,960,RU,ITU Region 1,MOBILE (P-GSM-900 / LTE Band 8 Downlink),Allocated,"Primary GSM-900 downlink. MTS, MegaFon, Beeline, Tele2.","All GSM/LTE smartphones, Huawei/Nokia/Ericsson base stations","GMSK (GSM), OFDMA (LTE DL)",Base station: per Roskomnadzor license,200,Russian TRFA / Roskomnadzor,"P-GSM-900 downlink. GSM heavily used, LTE Band 8 refarming underway.",True,
935,960,CN,ITU Region 3,MOBILE (GSM-900 / LTE Band 8 / 5G NR n8 Downlink),Allocated,"China Mobile P-GSM-900 downlink (935-954 MHz), China Unicom (954-960 MHz). Being refarmed to LTE/5G NR n8.","Huawei/ZTE/Xiaomi/Oppo smartphones, Huawei/ZTE base stations","GMSK (GSM), OFDMA (LTE DL), 5G NR OFDM",Licensed per MIIT,200,MIIT / 3GPP Band 8 / n8,China Mobile and China Unicom P-GSM-900 downlink. Refarming to 4G/5G.,True,
960,1164,FR,Worldwide (ICAO / ITU),AERONAUTICAL RADIONAVIGATION,Allocated,"DME (Distance Measuring Equipment) 960-1215 MHz, TACAN (military), JTIDS/MIDS (Link 16 military data link). Worldwide uniform allocation under ITU and ICAO.","DME: Honeywell KDM 706A, Collins DME-4000, Thales DME 435; TACAN: Thales TRN, BAE Systems AN/URN-32; JTIDS/MIDS: BAE Systems MIDS-LVT, L3Harris MIDS-JTRS","Pulse pairs (DME: Gaussian pulse pairs, 12 us or 30 us spacing); TDMA (Link 16: JTIDS/MIDS 128-bit time slots)",DME interrogator: up to 2 kW peak pulse; DME transponder: up to 1 kW peak; TACAN: up to 3.5 kW peak,1000,ITU Radio Regulations Article 5 (Table of Frequency Allocations) / ICAO Annex 10 Vol I / ITU-R Rec. SM.1009,"960-1215 MHz is a worldwide AERONAUTICAL RADIONAVIGATION allocation. DME channel pairing: interrogator 1025-1150 MHz (X mode) or 1025-1150 MHz (Y mode), transponder 962-1213 MHz. 252 channels (126 X + 126 Y). All 9 countries use this band identically for aviation.",True,
960,1164,US,Worldwide (ICAO / ITU),AERONAUTICAL RADIONAVIGATION,Allocated,"DME, TACAN (extensively used by US military -- TACAN is US/NATO system), JTIDS/MIDS (Link 16). FAA operates a dense DME network. Additionally, US has AERONAUTICAL MOBILE (R) secondary allocation for LDACS (L-band Digital Aeronautical Communications System) being studied.","DME: Collins DME-4000, Honeywell KDM 706A; TACAN: Collins AN/TRN-26, ITT AN/URN-25; JTIDS: BAE MIDS-LVT, Raytheon MIDS-JTRS; FAA ground: Thales DME 435","Pulse pairs (DME/TACAN), TDMA (Link 16)",DME interrogator: up to 2 kW peak; TACAN: up to 3.5 kW peak,1000,FCC 47 CFR 87.187 / NTIA Manual (Federal Table) / FAR 91.205 / ICAO Annex 10,US federal/military extensively uses TACAN. JTIDS/MIDS (Link 16) operates throughout 960-1215 MHz for NATO tactical data links. FAA manages civilian DME network.,True,
960,1164,UK,Worldwide (ICAO / ITU),AERONAUTICAL RADIONAVIGATION,Allocated,"DME, TACAN (RAF/Royal Navy), JTIDS/MIDS (Link 16 for NATO interoperability). NATS operates civilian DME network.","DME: Thales DME 435, Honeywell KDM 706A; TACAN: BAE Systems; MIDS: BAE MIDS-LVT","Pulse pairs (DME/TACAN), TDMA (Link 16)",DME: up to 2 kW peak; TACAN: up to 3.5 kW peak,1000,Ofcom UK Plan / ICAO Annex 10 / UK Air Navigation Order,UK/NATS operates DME as part of IFR navigation infrastructure. RAF uses TACAN and MIDS/Link 16.,True,
960,1164,DE,Worldwide (ICAO / ITU),AERONAUTICAL RADIONAVIGATION,Allocated,"DME (DFS Deutsche Flugsicherung operates civilian DME), TACAN (Luftwaffe/Bundeswehr), MIDS/Link 16.","DME: Thales DME 435, Selex/Leonardo DME; TACAN: Rohde & Schwarz; MIDS: BAE MIDS-LVT","Pulse pairs (DME/TACAN), TDMA (Link 16)",DME: up to 2 kW peak,1000,BNetzA / DFS / ICAO Annex 10 / Luftverkehrsgesetz (LuftVG),DFS Deutsche Flugsicherung operates the German DME network. Bundeswehr uses TACAN.,True,
960,1164,ES,Worldwide (ICAO / ITU),AERONAUTICAL RADIONAVIGATION,Allocated,DME (ENAIRE operates Spanish civilian DME/TACAN collocated stations).,"Thales DME 435, Indra DME systems",Pulse pairs (DME),DME: up to 2 kW peak,1000,CNAF / ENAIRE / ICAO Annex 10,Spain's ANSP (ENAIRE) operates DME network. Many TACAN/DME collocated (VORTAC).,True,
960,1164,IT,Worldwide (ICAO / ITU),AERONAUTICAL RADIONAVIGATION,Allocated,DME (ENAV operates Italian civilian DME network).,"Thales DME 435, Leonardo DME",Pulse pairs (DME),DME: up to 2 kW peak,1000,MIMIT / ENAV / ICAO Annex 10,Italy's ANSP (ENAV) operates DME network.,True,
960,1164,CH,Worldwide (ICAO / ITU),AERONAUTICAL RADIONAVIGATION,Allocated,DME (Skyguide operates Swiss DME network).,"Thales DME 435, Honeywell DME",Pulse pairs (DME),DME: up to 2 kW peak,1000,OFCOM (Swiss) / Skyguide / ICAO Annex 10,Skyguide is Switzerland's ANSP. Operates DME for IFR navigation.,True,
960,1164,RU,Worldwide (ICAO / ITU),AERONAUTICAL RADIONAVIGATION,Allocated,"DME (Rosaeronavigation operates Russian DME network), TACAN (Russian military equivalent: RSBN/PRMG system uses different frequencies but DME also deployed).","Russian-made DME (NITA/RNII KP), Thales DME (at major international airports)",Pulse pairs (DME),DME: up to 2 kW peak,1000,Russian TRFA / Rosaeronavigation / ICAO Annex 10,Russia uses standard ICAO DME alongside its legacy RSBN system. International airports have ICAO-standard DME.,True,
960,1164,CN,Worldwide (ICAO / ITU),AERONAUTICAL RADIONAVIGATION,Allocated,DME (CAAC/ATMB operates Chinese DME network). China has one of the world's densest DME networks due to rapid airport expansion.,"CETC (China Electronics) DME, Thales DME 435, Honeywell KDM 706A",Pulse pairs (DME),DME: up to 2 kW peak,1000,MIIT / CAAC / ICAO Annex 10,China's rapid aviation growth has led to dense DME deployment. CAAC/ATMB manages ATC infrastructure.,True,
1030,1030,FR,Worldwide (ICAO / ITU),AERONAUTICAL RADIONAVIGATION (SSR Interrogation),Allocated,"Secondary Surveillance Radar (SSR) interrogation frequency. Ground radar and airborne TCAS send interrogations on 1030 MHz. Aircraft transponder replies on 1090 MHz. Mode A (identity), Mode C (altitude), Mode S (selective address). Also used by military IFF (Identification Friend or Foe).","Ground: Thales RSM970S SSR, Raytheon ASR-11/Mode S, Indra MSSR-1, Leonardo SIR-S; TCAS airborne: Honeywell TPA-100D, Collins TCAS-94 (TTR-4100), Garmin GTS 800/825; Military IFF: BAE Systems AN/APX-118 (fighter IFF), AN/APX-119 (NATO)","Pulse modulation: Mode A/C uses P1-P3 pulses (0.8 us width, 8 us P1-P3 spacing for Mode A, 21 us for Mode C); Mode S uses P1+P2+P6 (P6 contains DPSK-modulated 56 or 112-bit data block). TCAS whisper-shout interrogation.",Ground SSR radar: up to 2 kW peak (typically 1.2 kW); TCAS: up to 250W peak (54 dBm); Military IFF: up to 2 kW peak,,ICAO Annex 10 Vol IV (Surveillance Radar and Collision Avoidance Systems) / EUROCAE ED-73E (Mode S) / ITU-R M.1464,"1030 MHz is THE worldwide SSR interrogation frequency. All countries use it identically. This is a single-frequency, not a band. The paired reply frequency is 1090 MHz.",True,
1030,1030,US,Worldwide (ICAO / ITU),AERONAUTICAL RADIONAVIGATION (SSR Interrogation),Allocated,SSR interrogation frequency. FAA operates extensive Mode S SSR network. TCAS (Traffic Collision Avoidance System) mandated on all transport aircraft. Military IFF (SIF/Mark XII/Mark XIIA).,"Ground: Raytheon ASR-11 (ATCBI-6 Mode S), Northrop Grumman AN/TPS-80 (military); TCAS: Honeywell TPA-100D, Collins TTR-4100 (TCAS-94); Military IFF: BAE Systems AN/APX-118/119, Raytheon AN/TPX-56",Pulse (Mode A/C/S) as per ICAO Annex 10; Military IFF Mark XIIA adds Mode 5 (spread spectrum encrypted),Ground SSR: up to 2 kW peak; TCAS: up to 250W peak; IFF: up to 2 kW peak,,FCC 47 CFR 87.187 / FAA Order 6190.8 / FAR 91.215 (transponder requirement) / ICAO Annex 10 Vol IV,"FAA mandates transponders (Mode C or S) in all airspace above 10,000 ft MSL and within Class B/C airspace. US military extensively uses IFF.",True,
1030,1030,UK,Worldwide (ICAO / ITU),AERONAUTICAL RADIONAVIGATION (SSR Interrogation),Allocated,SSR interrogation. NATS operates UK SSR network. RAF uses military IFF.,"Ground: Thales RSM970S, Raytheon (NATS sites); TCAS: Honeywell TPA-100D; IFF: BAE Systems",Pulse (Mode A/C/S) per ICAO Annex 10,Ground SSR: up to 2 kW peak; TCAS: up to 250W peak,,Ofcom / UK Air Navigation Order 2016 / ICAO Annex 10 Vol IV,NATS operates UK SSR. Transponder mandatory in most controlled airspace.,True,
1030,1030,DE,Worldwide (ICAO / ITU),AERONAUTICAL RADIONAVIGATION (SSR Interrogation),Allocated,SSR interrogation. DFS Deutsche Flugsicherung operates German SSR network. Luftwaffe uses IFF.,"Ground: Thales RSM970S, Hensoldt (ex-Airbus DS) ASR; TCAS: Honeywell, Collins",Pulse (Mode A/C/S) per ICAO Annex 10,Ground SSR: up to 2 kW peak,,BNetzA / DFS / ICAO Annex 10 Vol IV,DFS operates German SSR network. Transponder mandatory in German controlled airspace (per LuftVO).,True,
1030,1030,ES,Worldwide (ICAO / ITU),AERONAUTICAL RADIONAVIGATION (SSR Interrogation),Allocated,SSR interrogation. ENAIRE operates Spanish SSR network.,"Ground: Indra MSSR-1 (Mode S), Thales RSM970S",Pulse (Mode A/C/S) per ICAO Annex 10,Ground SSR: up to 2 kW peak,,CNAF / ENAIRE / ICAO Annex 10 Vol IV,ENAIRE uses Indra-manufactured Mode S SSR radars (Spanish industry).,True,
1030,1030,IT,Worldwide (ICAO / ITU),AERONAUTICAL RADIONAVIGATION (SSR Interrogation),Allocated,SSR interrogation. ENAV operates Italian SSR network.,"Ground: Leonardo (ex-Selex) SIR-S Mode S SSR, Thales RSM970S",Pulse (Mode A/C/S) per ICAO Annex 10,Ground SSR: up to 2 kW peak,,MIMIT / ENAV / ICAO Annex 10 Vol IV,ENAV uses Leonardo-manufactured SSR systems (Italian industry).,True,
1030,1030,CH,Worldwide (ICAO / ITU),AERONAUTICAL RADIONAVIGATION (SSR Interrogation),Allocated,SSR interrogation. Skyguide operates Swiss SSR network.,"Thales RSM970S, Honeywell TCAS",Pulse (Mode A/C/S) per ICAO Annex 10,Ground SSR: up to 2 kW peak,,OFCOM (Swiss) / Skyguide / ICAO Annex 10 Vol IV,Skyguide operates SSR for Swiss airspace.,True,
1030,1030,RU,Worldwide (ICAO / ITU),AERONAUTICAL RADIONAVIGATION (SSR Interrogation),Allocated,SSR interrogation. Russian Federation uses ICAO-standard SSR at international airports. Military uses both ICAO SSR and Russian-specific IFF systems.,"NITA MSSR, Almaz-Antey Condensator-96 SSR, Lira-A SSR (Russian-made); International: Thales/Raytheon at some airports",Pulse (Mode A/C/S) per ICAO Annex 10,Ground SSR: up to 2 kW peak,,Russian TRFA / Rosaeronavigation / ICAO Annex 10 Vol IV,"Russia manufactures its own SSR systems (Almaz-Antey, NITA) but follows ICAO 1030/1090 MHz standard.",True,
1030,1030,CN,Worldwide (ICAO / ITU),AERONAUTICAL RADIONAVIGATION (SSR Interrogation),Allocated,SSR interrogation. CAAC/ATMB operates Chinese SSR network. Rapid expansion to support massive air traffic growth.,"CETC (China Electronics) SSR, Thales RSM970S (at major hubs), Raytheon (legacy)",Pulse (Mode A/C/S) per ICAO Annex 10,Ground SSR: up to 2 kW peak,,MIIT / CAAC / ICAO Annex 10 Vol IV,China is rapidly deploying Mode S SSR to replace older Mode A/C installations as air traffic volume grows.,True,
1090,1090,FR,Worldwide (ICAO / ITU),AERONAUTICAL RADIONAVIGATION (SSR Transponder Reply + ADS-B 1090ES),Allocated,"SSR transponder reply frequency (Mode A/C/S) and ADS-B Extended Squitter (1090ES). EU mandate: Commission Implementing Regulation (EU) 2020/587 (amending 1207/2011) requires ADS-B Out capability for IFR aircraft in European airspace since June 7, 2020. DSNA (Direction des services de la navigation aerienne) operates French ADS-B ground stations.","Aircraft transponders: Garmin GTX 345 (GA), Garmin GTX 335 (GA), Collins TDR-94D (transport), Honeywell KT 73 (GA), uAvionix tailBeaconX (light aircraft), Trig TT22; Ground ADS-B receivers: Thales, Leonardo; Hobbyist receivers: FlightAware Pro Stick Plus, RTL-SDR Blog V3 dongle + dump1090-mutability, AirNav RadarBox, Flightradar24 receiver kit","PPM (Pulse Position Modulation), 1 Mbps data rate. ADS-B Extended Squitter format: DF17 (Downlink Format 17), 112-bit message (56-bit ME field contains position, velocity, identity). Mode S short reply: 56 bits. Mode S long reply: 112 bits.",Transponder: 125-500W peak (21-27 dBm average); ADS-B 1090ES: minimum 75W peak (Class A1/A2 per EUROCAE ED-102A); TCAS reply: up to 250W peak,,EU Commission Implementing Regulation 2020/587 (amending 1207/2011) / ICAO Annex 10 Vol IV / EUROCAE ED-102A (ADS-B) / ED-73E (Mode S) / RTCA DO-260B,1090 MHz is THE worldwide SSR reply and ADS-B broadcast frequency. EU ADS-B mandate effective since 7 June 2020 for IFR flights. ADS-B ground network integrated into EUROCONTROL surveillance data.,True,
1090,1090,US,Worldwide (ICAO / ITU),AERONAUTICAL RADIONAVIGATION (SSR Transponder Reply + ADS-B 1090ES),Allocated,"SSR transponder reply and ADS-B 1090ES. US ADS-B mandate: FAR 91.225/91.227 requires ADS-B Out since January 1, 2020 for aircraft operating in Class A/B/C airspace, above Class C, within 30 nm of Class B, and above 10,000 ft MSL. FAA accepts both 1090ES and 978 UAT (978 MHz, US-only below 18,000 ft).","Aircraft: Garmin GTX 345/335, Collins TDR-94D, Honeywell KT 73, uAvionix skyBeacon/tailBeaconX, Lynx NGT-9000, FreeFlight RANGR; GA encoders: Garmin GDL 88; Hobbyist: FlightAware Pro Stick Plus (1090 MHz optimized), RTL-SDR dongle + dump1090-fa, ADS-B Exchange, PiAware, Flightradar24 kit, ADSBHub, OpenSky Network feeder","PPM (Pulse Position Modulation), 1 Mbps. ADS-B DF17 Extended Squitter (112-bit). US also uses 978 MHz UAT as alternative (see separate entry).",Transponder: 125-500W peak; ADS-B 1090ES: minimum 75W peak per RTCA DO-260B / TSO-C166b,,FAR 14 CFR 91.225 / 91.227 / TSO-C166b (1090ES) / TSO-C154c (UAT) / RTCA DO-260B (MOPS for 1090ES) / AC 20-165B,"US ADS-B mandate effective January 1, 2020. US is unique in allowing 978 UAT as an alternative to 1090ES below FL180. Above FL180, only 1090ES is accepted.",True,
1090,1090,UK,Worldwide (ICAO / ITU),AERONAUTICAL RADIONAVIGATION (SSR Transponder Reply + ADS-B 1090ES),Allocated,SSR transponder reply and ADS-B 1090ES. UK follows ICAO and retained EU ADS-B mandate requirements post-Brexit. NATS operates ground ADS-B network.,"Aircraft: Garmin GTX 345/335, Collins TDR-94D, Trig TT21/TT22; Hobbyist: FlightAware Pro Stick Plus, RTL-SDR, Flightradar24 receiver, ADS-B Exchange feeder, PiAware on Raspberry Pi","PPM, 1 Mbps, DF17 Extended Squitter",Transponder: 125-500W peak,,UK Air Navigation Order 2016 / UK retained EU Reg 1207/2011 / ICAO Annex 10 Vol IV / CAP 1391,UK retained ADS-B Out mandate post-Brexit. CAA/NATS operate integrated ADS-B/SSR surveillance.,True,
1090,1090,DE,Worldwide (ICAO / ITU),AERONAUTICAL RADIONAVIGATION (SSR Transponder Reply + ADS-B 1090ES),Allocated,SSR transponder reply and ADS-B 1090ES. DFS operates ground ADS-B stations. EU ADS-B mandate applies.,"Aircraft: Garmin GTX 345/335, Collins TDR-94D, Trig TT22; Hobbyist: FlightAware, Flightradar24, RTL-SDR + dump1090","PPM, 1 Mbps, DF17 Extended Squitter",Transponder: 125-500W peak,,EU Reg 2020/587 / ICAO Annex 10 Vol IV / LuftVO,EU ADS-B mandate applies. DFS integrates ADS-B data into German ATC surveillance.,True,
1090,1090,ES,Worldwide (ICAO / ITU),AERONAUTICAL RADIONAVIGATION (SSR Transponder Reply + ADS-B 1090ES),Allocated,SSR transponder reply and ADS-B 1090ES. ENAIRE operates ground ADS-B stations. EU ADS-B mandate applies.,"Aircraft transponders (Garmin, Collins, Honeywell); Hobbyist receivers (FlightAware, RTL-SDR)","PPM, 1 Mbps, DF17 Extended Squitter",Transponder: 125-500W peak,,EU Reg 2020/587 / ICAO Annex 10 Vol IV / CNAF,EU ADS-B mandate applies. ENAIRE operates Spanish ADS-B network.,True,
1090,1090,IT,Worldwide (ICAO / ITU),AERONAUTICAL RADIONAVIGATION (SSR Transponder Reply + ADS-B 1090ES),Allocated,SSR transponder reply and ADS-B 1090ES. ENAV operates ground ADS-B stations. EU ADS-B mandate applies.,"Aircraft transponders (Garmin, Collins, Leonardo); Hobbyist receivers (FlightAware, RTL-SDR); Leonardo SIR-S ground station","PPM, 1 Mbps, DF17 Extended Squitter",Transponder: 125-500W peak,,EU Reg 2020/587 / ICAO Annex 10 Vol IV / MIMIT,EU ADS-B mandate applies. ENAV operates Italian ADS-B network. Leonardo manufactures ground ADS-B receivers.,True,
1090,1090,CH,Worldwide (ICAO / ITU),AERONAUTICAL RADIONAVIGATION (SSR Transponder Reply + ADS-B 1090ES),Allocated,SSR transponder reply and ADS-B 1090ES. Skyguide operates ground ADS-B network. Switzerland follows ICAO/EUROCONTROL standards.,"Aircraft transponders (Garmin, Collins); Hobbyist receivers (FlightAware, RTL-SDR); Thales ground ADS-B","PPM, 1 Mbps, DF17 Extended Squitter",Transponder: 125-500W peak,,OFCOM (Swiss) / Skyguide / ICAO Annex 10 Vol IV / EUROCONTROL standards,Switzerland follows EUROCONTROL/ICAO ADS-B requirements despite not being EU. Skyguide integrates ADS-B data.,True,
1090,1090,RU,Worldwide (ICAO / ITU),AERONAUTICAL RADIONAVIGATION (SSR Transponder Reply + ADS-B 1090ES),Allocated,SSR transponder reply and ADS-B 1090ES. Russia mandated ADS-B for IFR flights in Russian airspace. Rosaeronavigation operates ground ADS-B network.,"Aircraft transponders (international types); Russian-made MSSR and ADS-B receivers (NITA, Almaz-Antey); Hobbyist: RTL-SDR, Flightradar24","PPM, 1 Mbps, DF17 Extended Squitter",Transponder: 125-500W peak,,Russian Federal Aviation Rules / Rosaeronavigation / ICAO Annex 10 Vol IV,Russia mandated ADS-B Out for IFR flights. Ground network uses both Russian-manufactured and international equipment.,True,
1090,1090,CN,Worldwide (ICAO / ITU),AERONAUTICAL RADIONAVIGATION (SSR Transponder Reply + ADS-B 1090ES),Allocated,SSR transponder reply and ADS-B 1090ES. CAAC mandated ADS-B for Chinese airspace. China has deployed one of the world's largest ADS-B ground networks to support rapidly growing air traffic.,"Aircraft transponders (Collins, Honeywell, CETC/AVIC Chinese-made); CETC ADS-B ground stations; Hobbyist: Flightradar24 feeders (limited due to regulations)","PPM, 1 Mbps, DF17 Extended Squitter",Transponder: 125-500W peak,,CAAC Advisory Circular AC-91-FS-2015-28 / ICAO Annex 10 Vol IV / MIIT,CAAC mandated ADS-B for IFR flights in Chinese Class A/B/C airspace. China manufactured domestic ADS-B equipment (CETC/AVIC) to reduce foreign dependency.,True,
1087,1093,FR,Worldwide (ICAO / ITU),AERONAUTICAL RADIONAVIGATION (ADS-B / Mode S protection band),Allocated,Protection band around 1090 MHz for ADS-B and Mode S transponder operations. ITU footnote 5.328A designates this sub-band for ADS-B applications within the broader aeronautical radionavigation allocation.,Same as 1090 MHz entry -- this is the protection bandwidth around the 1090 MHz center frequency,"PPM (1090 MHz center, signals occupy ~2-3 MHz bandwidth around center)",Same as 1090 MHz entry,,ITU RR Footnote 5.328B / ICAO Annex 10 Vol IV / EU Reg 2020/587,1087-1093 MHz is the bandwidth protection zone for 1090 MHz ADS-B/Mode S. The actual signal is centered on 1090 MHz but occupies approximately 2-6 MHz depending on pulse shape. This applies uniformly to all countries. [FACTCHECK CORRECTION: ITU RR footnote 5.328B (not 5.328A) applies to ADS-B/RSS protection. Protection band is 1087.7-1092.3 MHz.],True,
1087,1093,US,Worldwide (ICAO / ITU),AERONAUTICAL RADIONAVIGATION (ADS-B / Mode S protection band),Allocated,Protection band around 1090 MHz for ADS-B and Mode S. Same worldwide allocation.,Same as 1090 MHz entry,PPM (1090 MHz center),Same as 1090 MHz entry,,ITU RR Footnote 5.328B / FAR 91.225/91.227 / RTCA DO-260B,Protection bandwidth around 1090 MHz. Uniform worldwide. [FACTCHECK CORRECTION: ITU RR footnote 5.328B (not 5.328A) applies to ADS-B/RSS protection. Protection band is 1087.7-1092.3 MHz.],True,
1087,1093,UK,Worldwide (ICAO / ITU),AERONAUTICAL RADIONAVIGATION (ADS-B / Mode S protection band),Allocated,Protection band around 1090 MHz.,Same as 1090 MHz entry,PPM (1090 MHz center),Same as 1090 MHz entry,,ITU RR Footnote 5.328B / UK Air Navigation Order,Uniform worldwide allocation. [FACTCHECK CORRECTION: ITU RR footnote 5.328B (not 5.328A) applies to ADS-B/RSS protection. Protection band is 1087.7-1092.3 MHz.],True,
1087,1093,DE,Worldwide (ICAO / ITU),AERONAUTICAL RADIONAVIGATION (ADS-B / Mode S protection band),Allocated,Protection band around 1090 MHz.,Same as 1090 MHz entry,PPM (1090 MHz center),Same as 1090 MHz entry,,ITU RR Footnote 5.328B / LuftVO,Uniform worldwide allocation. [FACTCHECK CORRECTION: ITU RR footnote 5.328B (not 5.328A) applies to ADS-B/RSS protection. Protection band is 1087.7-1092.3 MHz.],True,
1087,1093,ES,Worldwide (ICAO / ITU),AERONAUTICAL RADIONAVIGATION (ADS-B / Mode S protection band),Allocated,Protection band around 1090 MHz.,Same as 1090 MHz entry,PPM (1090 MHz center),Same as 1090 MHz entry,,ITU RR Footnote 5.328B / CNAF,Uniform worldwide allocation. [FACTCHECK CORRECTION: ITU RR footnote 5.328B (not 5.328A) applies to ADS-B/RSS protection. Protection band is 1087.7-1092.3 MHz.],True,
1087,1093,IT,Worldwide (ICAO / ITU),AERONAUTICAL RADIONAVIGATION (ADS-B / Mode S protection band),Allocated,Protection band around 1090 MHz.,Same as 1090 MHz entry,PPM (1090 MHz center),Same as 1090 MHz entry,,ITU RR Footnote 5.328B / MIMIT,Uniform worldwide allocation. [FACTCHECK CORRECTION: ITU RR footnote 5.328B (not 5.328A) applies to ADS-B/RSS protection. Protection band is 1087.7-1092.3 MHz.],True,
1087,1093,CH,Worldwide (ICAO / ITU),AERONAUTICAL RADIONAVIGATION (ADS-B / Mode S protection band),Allocated,Protection band around 1090 MHz.,Same as 1090 MHz entry,PPM (1090 MHz center),Same as 1090 MHz entry,,ITU RR Footnote 5.328B / OFCOM (Swiss),Uniform worldwide allocation. [FACTCHECK CORRECTION: ITU RR footnote 5.328B (not 5.328A) applies to ADS-B/RSS protection. Protection band is 1087.7-1092.3 MHz.],True,
1087,1093,RU,Worldwide (ICAO / ITU),AERONAUTICAL RADIONAVIGATION (ADS-B / Mode S protection band),Allocated,Protection band around 1090 MHz.,Same as 1090 MHz entry,PPM (1090 MHz center),Same as 1090 MHz entry,,ITU RR Footnote 5.328B / Russian TRFA,Uniform worldwide allocation. [FACTCHECK CORRECTION: ITU RR footnote 5.328B (not 5.328A) applies to ADS-B/RSS protection. Protection band is 1087.7-1092.3 MHz.],True,
1087,1093,CN,Worldwide (ICAO / ITU),AERONAUTICAL RADIONAVIGATION (ADS-B / Mode S protection band),Allocated,Protection band around 1090 MHz.,Same as 1090 MHz entry,PPM (1090 MHz center),Same as 1090 MHz entry,,ITU RR Footnote 5.328B / MIIT / CAAC,Uniform worldwide allocation. [FACTCHECK CORRECTION: ITU RR footnote 5.328B (not 5.328A) applies to ADS-B/RSS protection. Protection band is 1087.7-1092.3 MHz.],True,
915,921,FR,Europe / ITU Region 1,SRD Data Networks (Network-connected SRDs) - upper band,Allocated,"Upper SRD data network band per EU Decision 2018/1538 (915-921 MHz). Used for Sigfox uplink channels, advanced metering, IoT data networks. Core minimum 917.4-919.4 MHz must be available; some countries open wider 915-921 MHz.","Sigfox endpoints (sensors, meters, trackers), LoRa EU868 extended (overflow), AMI smart meter modules, Wize protocol devices (GRDF, Suez water meters -- note Wize primarily at 169 MHz but some at 868 MHz band)","DBPSK (Sigfox UNB uplink), GFSK, LoRa CSS",25 mW ERP (non-specific SRD); up to 500 mW ERP for network-connected SRDs per EU Decision 2018/1538,200,EU Decision 2018/1538 / ARCEP TNRBF / ERC/REC 70-03 Annex 1 / ETSI EN 300 220,915-921 MHz is the upper portion of the SRD data network band. The minimum mandatory core is 917.4-919.4 MHz. France fully implements the wider 915-921 MHz band.,True,
915,921,DE,Europe / ITU Region 1,SRD Data Networks (Network-connected SRDs) - upper band,Allocated,Upper SRD data network band. Germany implements the EU Decision 2018/1538 for 915-921 MHz.,"Sigfox endpoints, AMI modules, IoT sensors (Bosch, Siemens)","DBPSK (Sigfox), GFSK, LoRa CSS",25 mW ERP (non-specific); 500 mW ERP (network SRDs),200,BNetzA / EU Decision 2018/1538 / ERC/REC 70-03,Germany implements the full 915-921 MHz SRD data network band.,True,
915,921,UK,Europe / ITU Region 1,SRD Data Networks (Network-connected SRDs) - upper band,Allocated,Upper SRD data network band. UK retains post-Brexit.,"Sigfox endpoints, AMI modules, IoT sensors","DBPSK (Sigfox), GFSK",25 mW ERP (non-specific); 500 mW ERP (network SRDs),200,Ofcom IR 2030 / ETSI EN 300 220,UK retains 915-921 MHz SRD allocation post-Brexit.,True,
915,921,ES,Europe / ITU Region 1,SRD Data Networks (Network-connected SRDs) - upper band,Allocated,Upper SRD data network band per EU Decision 2018/1538.,"Sigfox endpoints, AMI modules, IoT sensors","DBPSK (Sigfox), GFSK",25 mW ERP (non-specific); 500 mW ERP (network SRDs),200,CNAF / EU Decision 2018/1538,Spain implements per EU Decision.,True,
915,921,IT,Europe / ITU Region 1,SRD Data Networks (Network-connected SRDs) - upper band,Allocated,Upper SRD data network band per EU Decision 2018/1538.,"Sigfox endpoints, AMI modules, IoT sensors","DBPSK (Sigfox), GFSK",25 mW ERP (non-specific); 500 mW ERP (network SRDs),200,MIMIT / EU Decision 2018/1538,Italy implements per EU Decision.,True,
915,921,CH,Europe / ITU Region 1,SRD Data Networks (Network-connected SRDs) - upper band,Allocated,Upper SRD data network band. Switzerland follows CEPT framework.,"Sigfox endpoints, AMI modules, IoT sensors, Swisscom LPN devices","DBPSK (Sigfox), GFSK",25 mW ERP (non-specific); 500 mW ERP (network SRDs),200,OFCOM (Swiss) / ECC/DEC/(06)08,Switzerland implements as CEPT member.,True,
915,921,RU,ITU Region 1,MOBILE (GSM-900 Uplink continuation),Allocated,This band is part of the GSM-900 uplink in Russia (890-915 MHz) and the GSM-900 downlink guard/transition (915-925 MHz). Russia does NOT implement the EU SRD data network allocation in 915-921 MHz.,"GSM/LTE base stations and handsets (MTS, MegaFon, Beeline, Tele2)","GMSK (GSM), SC-FDMA (LTE)",Licensed cellular,200,Russian TRFA / GRFC,Russia does NOT have SRD allocations in 915-921 MHz. This is cellular/mobile spectrum in Russia.,True,
915,921,CN,ITU Region 3,MOBILE (GSM-900 UL) / RFID,Allocated,Part of GSM-900 uplink (890-915) and the 920-925 MHz RFID band in China (partial overlap). China does NOT have EU SRD data network allocation here. China permits UHF RFID in 920-925 MHz under MIIT Regulation [2007] No. 16.,"920-925: RFID readers (Invengo, Impinj Speedway -- Chinese market), NB-IoT modules","ASK/PIE (RFID), GMSK (GSM), NB-IoT OFDMA/SC-FDMA",RFID 920-925: 2W ERP per MIIT Regulation [2007] No. 16,,MIIT Regulation [2007] No. 16 (RFID 920-925 MHz) / MIIT Radio Regulation Bureau,"915-920 MHz is cellular in China. 920-925 MHz is China's UHF RFID band (separate regulation, NOT ISM). China LoRa uses 470-510 MHz, NOT 900 MHz.",True,
915,928,US,ITU Region 2,ISM / SRD (upper portion of 902-928 MHz ISM band),Shared,"Upper portion of US ISM band. Contains LoRaWAN US915 downlink channels (923.3-927.5 MHz, 8 channels x 500 kHz). Also: Z-Wave US at 908.42 MHz is below this sub-range but within the wider 902-928 ISM. RFID UHF readers, Amazon Sidewalk, Wi-SUN smart grid.","LoRa gateways (RAK2287, Kerlink, Multitech Conduit), RFID readers (Impinj R420, Zebra FX9600), Sensus FlexNet meters","LoRa CSS (downlink SF7-SF12, 500 kHz BW), FHSS, FSK",FHSS: 1W conducted (30 dBm) + 6 dBi antenna; DSSS: 1W conducted,500,FCC 47 CFR Part 15.247 / Part 15.249,"LoRaWAN US915 downlink: 8 channels at 923.3, 923.9, 924.5, 925.1, 925.7, 926.3, 926.9, 927.5 MHz (500 kHz BW each).",True,
920,925,CN,ITU Region 3,RFID (UHF),Allocated,"China's UHF RFID frequency band. Used for logistics, supply chain, retail inventory tracking. NOT ISM -- regulated by MIIT. LoRa in China does NOT use this band (uses 470-510 CN470 plan instead).","Invengo XC-RF807 RFID reader, Impinj Speedway R420 (Chinese market version), Alien ALR-F800 (Chinese band), RFID tags (Impinj Monza, NXP UCODE)","ASK/PIE (interrogator to tag), FM0/Miller (tag to interrogator) per ISO 18000-6C (EPC Gen2)",2W ERP (33 dBm) per MIIT Regulation [2007] No. 16,250,MIIT Regulation [2007] No. 16 / GB/T 29768-2013 (Chinese UHF RFID standard),China's UHF RFID band is 920-925 MHz. This is NARROWER than US (902-928) or EU (865-868 MHz RFID). Different from ETSI 865-868 MHz RFID and FCC 902-928 MHz RFID.,True,
865,868,FR,Europe / ITU Region 1,RFID (UHF) - EU band,Allocated,"EU UHF RFID band (865-868 MHz) per ECC/REC 70-03 Annex 11 and ETSI EN 302 208. Used for logistics, retail, library RFID. This is the EU equivalent of US 902-928 MHz RFID.","Impinj Speedway R420 (EU version), Zebra FX9600 (EU), CAEN RFID Ion, Nordic ID, RFID tags (Impinj Monza R6, NXP UCODE 8/9)","ASK/PIE (reader to tag), FM0/Miller (tag to reader) per ISO 18000-6C (EPC Gen2)",2W ERP (33 dBm) per ECC/DEC/(06)07; LBT (Listen Before Talk) required per ETSI EN 302 208,200,ECC/DEC/(06)07 / ECC/REC 70-03 Annex 11 / ETSI EN 302 208 / ARCEP,EU RFID UHF band at 865-868 MHz is DIFFERENT from US (902-928) and China (920-925). EU requires LBT (Listen Before Talk) per EN 302 208 which US does not. Lower total power (2W ERP) vs US (4W EIRP).,True,
865,868,DE,Europe / ITU Region 1,RFID (UHF) - EU band,Allocated,EU UHF RFID band per ECC/DEC/(06)07.,"Impinj Speedway R420 (EU), Zebra FX9600 (EU), CAEN RFID Ion","ASK/PIE, FM0/Miller per ISO 18000-6C (EPC Gen2)",2W ERP; LBT required per EN 302 208,200,BNetzA / ECC/DEC/(06)07 / ETSI EN 302 208,EU RFID UHF 865-868 MHz. LBT required.,True,
865,868,UK,Europe / ITU Region 1,RFID (UHF) - EU band,Allocated,UHF RFID band. UK retains EU allocation post-Brexit.,"Impinj Speedway R420 (EU/UK), Zebra FX9600","ASK/PIE, FM0/Miller per ISO 18000-6C",2W ERP; LBT required per EN 302 208,200,Ofcom IR 2030 / ETSI EN 302 208,UK retains EU RFID UHF allocation post-Brexit.,True,
865,868,ES,Europe / ITU Region 1,RFID (UHF) - EU band,Allocated,EU UHF RFID band.,"Impinj, Zebra RFID readers","ASK/PIE, FM0/Miller per ISO 18000-6C",2W ERP; LBT required,200,CNAF / ECC/DEC/(06)07 / ETSI EN 302 208,EU RFID UHF 865-868 MHz.,True,
865,868,IT,Europe / ITU Region 1,RFID (UHF) - EU band,Allocated,EU UHF RFID band.,"Impinj, Zebra, CAEN RFID readers (Italian manufacturer)","ASK/PIE, FM0/Miller per ISO 18000-6C",2W ERP; LBT required,200,MIMIT / ECC/DEC/(06)07 / ETSI EN 302 208,EU RFID UHF 865-868 MHz. CAEN is an Italian RFID manufacturer.,True,
865,868,CH,Europe / ITU Region 1,RFID (UHF) - EU band,Allocated,UHF RFID band. Switzerland follows CEPT allocation.,"Impinj, Zebra RFID readers","ASK/PIE, FM0/Miller per ISO 18000-6C",2W ERP; LBT required,200,OFCOM (Swiss) / ECC/DEC/(06)07 / ETSI EN 302 208,Switzerland follows EU/CEPT RFID allocation.,True,
865,868,RU,ITU Region 1,RFID (UHF),Allocated,Russia permits UHF RFID in 866-868 MHz under GRFC Decision. Slightly narrower than EU 865-868 MHz.,"Impinj, Zebra RFID readers (configured for Russian band)","ASK/PIE, FM0/Miller per ISO 18000-6C",2W ERP,200,GRFC Decision / Russian TRFA,Russian RFID UHF band is 866-868 MHz (narrower than EU 865-868).,True,
902,928,US,ITU Region 2,RFID (UHF) - US/Americas band,Shared,US UHF RFID band within the ISM 902-928 MHz allocation. FCC Part 15. No LBT required (unlike EU). Higher power allowed than EU. Dominant RFID market due to wider band and higher power.,"Impinj Speedway R420/R700, Alien ALR-F800/ALR-9680, Zebra FX9600/FX7600, ThingMagic Mercury6e, RFID tags (Impinj Monza R6, NXP UCODE 8/9, Alien Higgs)","ASK/PIE (reader to tag), FM0/Miller (tag to reader) per EPC Gen2 / ISO 18000-6C",4W EIRP (36 dBm) per FCC Part 15.247 (FHSS with at least 50 hopping channels); No LBT required,500,FCC 47 CFR Part 15.247 / EPCglobal UHF Gen2 / ISO 18000-6C,"US RFID uses full 902-928 MHz with FHSS (50+ channels). Higher power (4W EIRP) and no LBT gives US RFID longer read range than EU (865-868 MHz, 2W ERP, LBT). This is why most RFID deployments started in US.",True,
870,876,FR,Europe / ITU Region 1,SRD Data Networks / Railway GSM-R guard,Shared,"870-876 MHz is also adjacent to the GSM-R (Railway) band. GSM-R operated at 876-880 MHz (uplink) / 921-925 MHz (downlink) in EU. As GSM-R transitions to FRMCS (Future Railway Mobile Communication System), 870-876 MHz may see expanded SRD usage. In France, SNCF operates GSM-R starting at 876 MHz.","GSM-R: Alstom cab radios, Kontron (ex-Kapsch) JRU, SNCF onboard equipment; SRD: IoT sensors, LoRa devices",GSM-R: GMSK; SRD: various,GSM-R: licensed (876-880 only); SRD 870-876: 25-500 mW ERP per EU Decision 2018/1538,200,EU Decision 2018/1538 / ECC/DEC/(02)05 (GSM-R) / ERA (EU Agency for Railways) / ARCEP,The 870-876 / 915-921 MHz SRD data network band is positioned between the GSM-R band (876-880/921-925) and the broader 868 MHz SRD band. Coexistence measures are defined in EU Decision 2018/1538.,True,
876,880,FR,Europe / ITU Region 1,MOBILE (GSM-R Railway Uplink),Allocated,"GSM-R (Global System for Mobile Communications - Railway) uplink. Used by SNCF for train-to-ground communication, ERTMS/ETCS Level 2 signalling. Being replaced by FRMCS (5G-based) in coming decade.","Alstom cab radios (Eurobalise + GSM-R voice/data), Kontron (ex-Kapsch) onboard units, Funkwerk (now Henschel) GSM-R base stations",GMSK (GSM-R is GSM-based),Mobile (train): 2W (33 dBm) GSM; Base station: per ARCEP railway spectrum license,200,ECC/DEC/(02)05 / ETSI TS 102 933 / ERA (EU Agency for Railways) / ARCEP,GSM-R at 876-880/921-925 MHz is the European standard for railway communications. Part of ERTMS. SNCF operates one of the largest GSM-R networks. Transition to FRMCS (5G) planned for 2030s.,True,
876,880,DE,Europe / ITU Region 1,MOBILE (GSM-R Railway Uplink),Allocated,GSM-R uplink. Deutsche Bahn (DB Netz) operates one of Europe's most extensive GSM-R networks for ETCS L2 signalling.,"Kontron onboard units, Siemens Trainguard MT (ETCS OBU + GSM-R), Nokia/Kapsch GSM-R base stations",GMSK (GSM-R),Mobile: 2W GSM; Base station: per BNetzA license,200,BNetzA / ECC/DEC/(02)05 / DB Netz specifications,"Deutsche Bahn GSM-R network covers ~33,000 km of track. Transition to FRMCS under study.",True,
876,880,UK,Europe / ITU Region 1,MOBILE (GSM-R Railway Uplink),Allocated,GSM-R uplink. Network Rail operates UK GSM-R network. UK retained GSM-R allocation post-Brexit.,"Kontron/Kapsch onboard units, Nokia GSM-R base stations, Siemens Trainguard",GMSK (GSM-R),Mobile: 2W GSM; Base station: per Ofcom license,200,Ofcom / Network Rail / ECC/DEC/(02)05,Network Rail operates UK GSM-R. Planning transition to FRMCS.,True,
876,880,ES,Europe / ITU Region 1,MOBILE (GSM-R Railway Uplink),Allocated,GSM-R uplink. ADIF operates Spanish GSM-R network for high-speed (AVE) and conventional rail.,"Alstom/Kontron onboard units, Nokia/Ericsson GSM-R base stations",GMSK (GSM-R),Mobile: 2W GSM,200,CNAF / ADIF / ECC/DEC/(02)05,Spain's AVE high-speed network uses GSM-R for ETCS L1/L2.,True,
876,880,IT,Europe / ITU Region 1,MOBILE (GSM-R Railway Uplink),Allocated,GSM-R uplink. RFI (Rete Ferroviaria Italiana) operates Italian GSM-R network for high-speed (AV) and conventional rail.,"Alstom/Kontron onboard units, Nokia GSM-R base stations",GMSK (GSM-R),Mobile: 2W GSM,200,MIMIT / RFI / ECC/DEC/(02)05,"Italy's AV network (Rome-Milan, etc.) uses GSM-R for ETCS L2.",True,
876,880,CH,Europe / ITU Region 1,MOBILE (GSM-R Railway Uplink),Allocated,GSM-R uplink. SBB/CFF/FFS operates Swiss GSM-R network.,"Kontron onboard units, Nokia GSM-R base stations",GMSK (GSM-R),Mobile: 2W GSM,200,OFCOM (Swiss) / SBB / ECC/DEC/(02)05,Swiss railways use GSM-R. SBB is planning FRMCS transition.,True,
921,925,FR,Europe / ITU Region 1,MOBILE (GSM-R Railway Downlink),Allocated,GSM-R downlink (paired with 876-880 MHz uplink). SNCF train-to-ground downlink for ERTMS/ETCS.,Same as GSM-R uplink entry,GMSK (GSM-R),Base station: per ARCEP license; Mobile RX only,200,ARCEP / ECC/DEC/(02)05 / ERA,"GSM-R downlink, paired with 876-880 MHz uplink.",True,
921,925,DE,Europe / ITU Region 1,MOBILE (GSM-R Railway Downlink),Allocated,GSM-R downlink. Deutsche Bahn.,Same as GSM-R uplink entry,GMSK (GSM-R),Base station: per BNetzA license,200,BNetzA / ECC/DEC/(02)05,GSM-R downlink.,True,
921,925,UK,Europe / ITU Region 1,MOBILE (GSM-R Railway Downlink),Allocated,GSM-R downlink. Network Rail.,Same as GSM-R uplink entry,GMSK (GSM-R),Base station: per Ofcom license,200,Ofcom / ECC/DEC/(02)05,GSM-R downlink.,True,
921,925,ES,Europe / ITU Region 1,MOBILE (GSM-R Railway Downlink),Allocated,GSM-R downlink. ADIF.,Same as GSM-R uplink entry,GMSK (GSM-R),Base station: per CNAF license,200,CNAF / ECC/DEC/(02)05,GSM-R downlink.,True,
921,925,IT,Europe / ITU Region 1,MOBILE (GSM-R Railway Downlink),Allocated,GSM-R downlink. RFI.,Same as GSM-R uplink entry,GMSK (GSM-R),Base station: per AGCOM license,200,MIMIT / ECC/DEC/(02)05,GSM-R downlink.,True,
921,925,CH,Europe / ITU Region 1,MOBILE (GSM-R Railway Downlink),Allocated,GSM-R downlink. SBB.,Same as GSM-R uplink entry,GMSK (GSM-R),Base station: per OFCOM (Swiss) license,200,OFCOM (Swiss) / ECC/DEC/(02)05,GSM-R downlink.,True,
1090,1090,FR,Worldwide,ADS-B Civilian Tracking (Receive-only),Allocated,Civilian ADS-B tracking and flight monitoring. Hobbyist and commercial receive-only stations feeding data to flight tracking platforms. Legal to receive in all countries (passive reception).,"FlightAware PiAware (Raspberry Pi-based receiver with Pro Stick Plus 1090 MHz dongle), Flightradar24 receiver kit (FR24 Box), ADSBHub feeder, OpenSky Network feeder, ADS-B Exchange community feeder, AirNav RadarBox receiver, RTL-SDR Blog V3 dongle + dump1090-mutability/readsb software, Jetvision ADS-B receiver (commercial grade)","PPM receive-only (decoding DF17 Extended Squitter, 112-bit messages at 1 Mbps)",Receive-only -- no transmission. No license required for passive reception.,,No specific regulation for receive-only. ICAO Annex 10 Vol IV defines transmitted format. EU GDPR may apply to data sharing.,"ADS-B tracking is legal worldwide as receive-only. Major platforms: Flightradar24 (~35,000 feeders), FlightAware (~30,000 PiAware stations), ADS-B Exchange (community-driven, unfiltered), OpenSky Network (academic/research). Most use RTL-SDR dongles (~$25) with dump1090 or readsb decoder software on Raspberry Pi.",True,
1090,1090,US,Worldwide,ADS-B Civilian Tracking (Receive-only),Allocated,Civilian ADS-B tracking. Largest community of ADS-B feeders worldwide. Legal to receive.,"FlightAware PiAware + Pro Stick Plus, Flightradar24 kit, ADS-B Exchange feeder, RTL-SDR Blog V3, Nooelec NESDR SMArt, dump1090-fa software, tar1090 web UI",PPM receive-only,Receive-only -- no license required,,FCC allows passive reception without license. FAR 91.225/91.227 govern transmission.,US has the largest ADS-B feeder community. FlightAware is US-based. ADS-B Exchange provides unfiltered data (unlike commercial platforms which filter military/blocked aircraft).,True,
1090,1090,UK,Worldwide,ADS-B Civilian Tracking (Receive-only),Allocated,Civilian ADS-B tracking. Large UK feeder community.,"FlightAware PiAware, Flightradar24 kit, RTL-SDR dongle, 360radar.co.uk, PlaneFinder",PPM receive-only,Receive-only -- no license required under Ofcom regulations,,Ofcom allows passive reception. Wireless Telegraphy Act 2006 Section 48 (receive-only exemption).,UK has strong aviation enthusiast community. PlaneFinder is UK-based ADS-B tracking service.,True,
1090,1090,DE,Worldwide,ADS-B Civilian Tracking (Receive-only),Allocated,Civilian ADS-B tracking. Legal to receive in Germany.,"FlightAware PiAware, Flightradar24 kit, RTL-SDR dongle, Jetvision (German manufacturer of ADS-B receivers)",PPM receive-only,Receive-only -- no license required,,TKG Section 5 (receive-only equipment exempt from licensing),Jetvision is a German company manufacturing commercial-grade ADS-B receivers. OpenSky Network is operated by a Swiss-German consortium.,True,
1090,1090,CH,Worldwide,ADS-B Civilian Tracking (Receive-only),Allocated,"Civilian ADS-B tracking. OpenSky Network is based at University of Bern, Switzerland.","FlightAware PiAware, RTL-SDR, OpenSky Network sensors (academic grade)",PPM receive-only,Receive-only -- no license required,,Swiss TCA (receive-only exempt),"OpenSky Network, a major academic ADS-B data source, is headquartered at University of Bern, Switzerland. [FACTCHECK: OpenSky Network primary affiliation may be ZHAW Zurich, not University of Bern.]",True,
978,978,US,ITU Region 2 (US only),AERONAUTICAL SURVEILLANCE (UAT - Universal Access Transceiver),Allocated,"UAT (Universal Access Transceiver) at 978 MHz. US-only ADS-B alternative to 1090ES, authorized for use below FL180 (18,000 ft). Provides ADS-B Out and FIS-B (weather/TFR) and TIS-B (traffic) services. NOT used outside the US.","Garmin GDL 88 (UAT transceiver), uAvionix skyBeacon/tailBeaconX (UAT), FreeFlight RANGR FYX (UAT), Garmin GDL 52/50 (portable UAT receiver for FIS-B weather); Receivers: Stratux (DIY ADS-B receiver using RTL-SDR at 978+1090), ForeFlight Sentry (UAT+1090 receiver)","CPM (Continuous Phase Modulation), 1.041667 Mbps, TDM (Time Division Multiplexed) with 1 second frame containing 3200 message slots",UAT transceiver: up to 20W (43 dBm) per TSO-C154c,,FAR 14 CFR 91.225/91.227 / TSO-C154c (UAT ADS-B) / RTCA DO-282B (UAT MOPS) / AC 20-165B,"978 MHz UAT is UNIQUE TO THE US. No other country uses UAT. It provides free weather (FIS-B: NEXRAD, METARs, TAFs, TFRs) and traffic information (TIS-B) to GA pilots. Above FL180, only 1090ES is accepted. Approximately 50% of US GA fleet uses UAT rather than 1090ES.",True,
960,1030,FR,Worldwide (ICAO / ITU),AERONAUTICAL RADIONAVIGATION (DME Interrogator band),Allocated,DME interrogator frequencies. Aircraft DME interrogators transmit in 1025-1150 MHz range (X channel) but many DME ground transponder reply frequencies fall in 962-1024 MHz. This sub-band contains DME transponder replies and some DME interrogator channels.,"Airborne DME interrogators: Collins DME-4000, Honeywell KDM 706A, Rockwell Collins DME-442; Ground transponders: Thales DME 435, Selex/Leonardo DME 2000","Gaussian pulse pairs (3.5 us pulse width, 12 us or 30 us spacing for X/Y channels)",DME interrogator: up to 2 kW peak; Ground transponder: up to 1 kW peak,1000,ICAO Annex 10 Vol I / ITU-R M.585,"DME channel scheme: 252 channels (126 X + 126 Y). Interrogator/transponder frequency offset is +63 MHz for X channels 1-63, -63 MHz for X channels 64-126, +63 MHz for Y channels 1-63, -63 MHz for Y channels 64-126. This is uniform worldwide.",True,
960,1030,US,Worldwide (ICAO / ITU),AERONAUTICAL RADIONAVIGATION (DME + TACAN),Allocated,"DME interrogator/transponder frequencies and TACAN. US military uses TACAN extensively (TACAN is the military equivalent of VOR/DME, providing both bearing and distance). Many US military airfields have TACAN but no VOR.","TACAN ground: Collins AN/TRN-26, ITT AN/URN-25, BAE Systems AN/URN-32; Airborne TACAN: Collins AN/ARN-153, ITT AN/ARN-118; DME: Collins DME-4000, Honeywell KDM 706A",Gaussian pulse pairs (DME); TACAN adds bearing info via amplitude modulation of reply pulse pattern (15 Hz and 135 Hz components),TACAN ground: up to 3.5 kW peak; DME: up to 2 kW peak,1000,NTIA Manual Chapter 4 (Federal Table) / FAA Order 6820.10 / MIL-STD-291C,TACAN is primarily a US/NATO military system. Ground TACAN stations are co-located with VOR as VORTAC when serving both military and civilian users.,True,
960,1030,CN,Worldwide (ICAO / ITU),AERONAUTICAL RADIONAVIGATION (DME),Allocated,DME operations. China has rapidly expanded DME infrastructure for instrument approaches. Also considering LDACS (L-band Digital Aeronautical Communications System) for future use.,"CETC DME, Thales DME 435 (at major hubs), airborne DME (Collins, Honeywell)",Gaussian pulse pairs,DME: up to 2 kW peak,1000,MIIT / CAAC / ICAO Annex 10,China follows ICAO standards for DME. Rapid airport expansion has driven large DME deployment.,True,
960,1030,RU,Worldwide (ICAO / ITU),AERONAUTICAL RADIONAVIGATION (DME + RSBN),Allocated,DME and Russian RSBN (Short-Range Radio Navigation System). RSBN is a Russian military short-range navigation system operating in a similar band. International airports use ICAO-standard DME.,"Russian: RSBN-4N ground beacon, Almaz-Antey equipment; International: Thales DME 435",Pulse pairs (DME); RSBN has its own pulse format,DME: up to 2 kW peak,1000,Russian TRFA / Rosaeronavigation / ICAO Annex 10,Russia operates both ICAO-standard DME (at international airports) and its legacy RSBN system (military). RSBN provides both range and bearing like TACAN.,True,
1030,1090,FR,Worldwide (ICAO / ITU),AERONAUTICAL RADIONAVIGATION (DME + JTIDS/MIDS Link 16),Allocated,This sub-band contains both DME channels and JTIDS/MIDS (Link 16) military tactical data link operations. Link 16 operates across the full 960-1215 MHz band using frequency hopping among 51 net frequencies.,"Link 16: BAE Systems MIDS-LVT (fighter aircraft), L3Harris MIDS-JTRS (Joint Tactical Radio System), Viasat BATS-D (small form factor); DME: same as previous entries","Link 16: TDMA with frequency hopping, MSK modulation, 128-bit time slots, 51 net frequencies spaced across 960-1215 MHz; DME: pulse pairs",MIDS/Link 16: up to 200W peak (class 2 terminal); DME: up to 2 kW peak,,STANAG 5516 (Link 16 NATO standard) / MIL-STD-6016 / ICAO Annex 10,"Link 16 (JTIDS/MIDS) is a NATO tactical data link operating across 960-1215 MHz. It coexists with DME through careful frequency management and pulse characteristics. All NATO countries (FR, US, UK, DE, ES, IT) use Link 16.",True,
1030,1090,US,Worldwide (ICAO / ITU),AERONAUTICAL RADIONAVIGATION (DME + JTIDS/MIDS Link 16),Allocated,DME channels and JTIDS/MIDS Link 16. US military is the primary user and developer of Link 16.,"Link 16: BAE Systems MIDS-LVT, L3Harris MIDS-JTRS, Viasat BATS-D, Northrop Grumman AN/USQ-167; DME: Collins DME-4000","Link 16: TDMA/FH, MSK; DME: pulse pairs",MIDS: up to 200W peak; DME: up to 2 kW peak,,MIL-STD-6016 / NTIA Manual / ICAO Annex 10,US is the originator of Link 16 (JTIDS). Extensive deployment across all US military services.,True,
1090,1100,FR,Worldwide (ICAO / ITU),AERONAUTICAL RADIONAVIGATION (DME continuation),Allocated,Continuation of DME/TACAN frequency band above 1090 MHz. Some DME transponder reply channels fall in this range. Also used for military Link 16.,Same DME equipment as 960-1164 MHz entry; Link 16 terminals,"Pulse pairs (DME), TDMA/FH (Link 16)",DME: up to 2 kW peak; Link 16: up to 200W peak,1000,ICAO Annex 10 Vol I / ITU RR Article 5,1090-1100 MHz is within the 960-1215 MHz aeronautical radionavigation band. Contains DME channels and Link 16 frequency-hopping slots.,True,
1090,1100,US,Worldwide (ICAO / ITU),AERONAUTICAL RADIONAVIGATION (DME + Link 16),Allocated,DME continuation and Link 16.,Same DME and Link 16 equipment,"Pulse pairs (DME), TDMA/FH (Link 16)",DME: up to 2 kW peak; Link 16: up to 200W peak,1000,NTIA Manual / ICAO Annex 10,Part of 960-1215 MHz aeronautical band.,True,
1090,1100,UK,Worldwide (ICAO / ITU),AERONAUTICAL RADIONAVIGATION (DME + Link 16),Allocated,DME continuation and Link 16.,Same DME and Link 16 equipment,"Pulse pairs (DME), TDMA/FH (Link 16)",DME: up to 2 kW peak; Link 16: up to 200W peak,1000,Ofcom / ICAO Annex 10,Part of 960-1215 MHz aeronautical band.,True,
1090,1100,DE,Worldwide (ICAO / ITU),AERONAUTICAL RADIONAVIGATION (DME + Link 16),Allocated,DME continuation and Link 16.,Same DME and Link 16 equipment,"Pulse pairs (DME), TDMA/FH (Link 16)",DME: up to 2 kW peak; Link 16: up to 200W peak,1000,BNetzA / ICAO Annex 10,Part of 960-1215 MHz aeronautical band.,True,
1090,1100,ES,Worldwide (ICAO / ITU),AERONAUTICAL RADIONAVIGATION (DME + Link 16),Allocated,DME continuation and Link 16.,Same DME and Link 16 equipment,"Pulse pairs (DME), TDMA/FH (Link 16)",DME: up to 2 kW peak; Link 16: up to 200W peak,1000,CNAF / ICAO Annex 10,Part of 960-1215 MHz aeronautical band.,True,
1090,1100,IT,Worldwide (ICAO / ITU),AERONAUTICAL RADIONAVIGATION (DME + Link 16),Allocated,DME continuation and Link 16.,Same DME and Link 16 equipment,"Pulse pairs (DME), TDMA/FH (Link 16)",DME: up to 2 kW peak; Link 16: up to 200W peak,1000,MIMIT / ICAO Annex 10,Part of 960-1215 MHz aeronautical band.,True,
1090,1100,CH,Worldwide (ICAO / ITU),AERONAUTICAL RADIONAVIGATION (DME),Allocated,"DME continuation. Switzerland is not NATO so no Link 16, but DME operations continue.","DME equipment (Thales, Honeywell)",Pulse pairs (DME),DME: up to 2 kW peak,1000,OFCOM (Swiss) / ICAO Annex 10,Switzerland is neutral/non-NATO. No Link 16 deployment but DME operates normally.,True,
1090,1100,RU,Worldwide (ICAO / ITU),AERONAUTICAL RADIONAVIGATION (DME + RSBN),Allocated,"DME continuation. Russia uses its own tactical data links, not NATO Link 16.","Russian DME/RSBN equipment (NITA, Almaz-Antey)",Pulse pairs (DME),DME: up to 2 kW peak,1000,Russian TRFA / ICAO Annex 10,Russia does not use NATO Link 16. It has its own tactical data link systems operating on different principles.,True,
1090,1100,CN,Worldwide (ICAO / ITU),AERONAUTICAL RADIONAVIGATION (DME),Allocated,"DME continuation. China uses its own military data link systems, not NATO Link 16.","CETC DME, Chinese military data link terminals",Pulse pairs (DME),DME: up to 2 kW peak,1000,MIIT / CAAC / ICAO Annex 10,China does not use NATO Link 16. PLA has its own data link systems.,True,
